date,carbune,consum,hidro,hidrocarburi,nuclear,eolian,productie,fotovolt,biomasa,stocare,sold,year,month,day,hour,minute,weekday
8/31/2025 16:55,582,5030,729,483,1348,526,4191,369,46,107,838,2025,8,31,16,55,6
8/31/2025 7:25,612,4714,943,478,1348,242,3816,48,45,96,898,2025,8,31,7,25,6
8/30/2025 21:56,606,6359,1873,512,1344,650,5102,-2,47,71,1257,2025,8,30,21,56,5
8/30/2025 12:25,606,4494,639,477,1345,41,4580,1422,47,0,-85,2025,8,30,12,25,5
8/30/2025 2:25,607,5123,874,1307,1346,110,4289,-3,45,0,833,2025,8,30,2,25,5
8/29/2025 16:56,778,5433,737,1088,1335,531,5776,1226,49,28,-343,2025,8,29,16,56,4
8/29/2025 7:25,760,5888,1427,1338,1350,379,5520,112,48,103,367,2025,8,29,7,25,4
8/28/2025 21:55,811,6869,1971,1279,1337,598,6060,-3,57,8,808,2025,8,28,21,55,3
8/28/2025 12:25,792,4743,508,1100,1290,261,5797,1785,58,0,-1053,2025,8,28,12,25,3
8/28/2025 2:55,803,5052,873,1314,1341,141,4523,-4,54,0,529,2025,8,28,2,55,3
8/27/2025 17:25,749,5647,955,1210,1334,615,5849,927,56,0,-202,2025,8,27,17,25,2
8/27/2025 7:55,774,5866,1498,1318,1344,44,5477,320,54,122,388,2025,8,27,7,55,2
8/26/2025 22:25,757,6355,1784,1375,1330,778,6076,-3,53,0,279,2025,8,26,22,25,1
8/26/2025 12:55,707,4658,448,995,1328,155,5433,1736,54,7,-775,2025,8,26,12,55,1
8/26/2025 3:25,755,4962,724,1350,1344,213,4449,-4,53,0,512,2025,8,26,3,25,1
8/25/2025 17:40,724,5786,810,1040,1333,397,5099,738,53,0,687,2025,8,25,17,40,0
8/25/2025 8:08,613,5742,1378,1355,1338,220,5383,327,52,97,358,2025,8,25,8,8,0
8/24/2025 22:38,511,5479,1424,996,1337,1367,5678,-4,45,0,-198,2025,8,24,22,38,6
8/24/2025 12:59,571,3672,525,473,1335,595,4585,1037,39,1,-913,2025,8,24,12,59,6
8/24/2025 3:30,608,4689,854,544,1333,261,3668,-4,38,31,1020,2025,8,24,3,30,6
8/23/2025 18:00,608,5495,874,530,1325,447,4292,456,39,9,1203,2025,8,23,18,0,5
8/23/2025 8:30,550,5305,804,494,1328,1508,4999,253,39,19,306,2025,8,23,8,30,5
8/22/2025 23:00,702,5991,1146,1226,1323,1131,5570,-3,44,0,421,2025,8,22,23,0,4
8/22/2025 13:29,780,5917,555,1048,1316,1047,5812,1036,23,1,105,2025,8,22,13,29,4
8/22/2025 3:59,723,5000,784,1313,1333,1774,5948,-5,23,0,-947,2025,8,22,3,59,4
8/21/2025 18:30,748,6738,1667,1301,1314,1480,6884,341,31,0,-145,2025,8,21,18,30,3
8/21/2025 9:00,777,5896,1384,1265,1331,117,5701,746,29,49,194,2025,8,21,9,0,3
8/20/2025 23:27,735,5965,1307,1327,1322,1131,5858,-3,29,7,107,2025,8,20,23,27,2
8/20/2025 10:47,703,5120,869,1019,1327,40,5299,1315,23,0,-179,2025,8,20,10,47,2
8/20/2025 1:08,748,5329,822,1312,1326,226,4458,-4,27,0,871,2025,8,20,1,8,2
8/19/2025 15:38,839,5612,509,1077,1324,98,4827,944,19,12,785,2025,8,19,15,38,1
8/19/2025 6:08,747,5317,850,1293,1328,827,5056,-4,12,0,260,2025,8,19,6,8,1
8/18/2025 20:30,779,6921,1887,1287,1316,1066,6402,0,11,55,519,2025,8,18,20,30,0
8/18/2025 10:59,827,5773,784,1086,1278,686,5614,939,11,0,159,2025,8,18,10,59,0
8/18/2025 1:29,743,4855,896,1261,1325,437,4662,-4,7,1,193,2025,8,18,1,29,0
8/17/2025 16:00,833,4688,541,1047,1323,224,4732,753,7,0,-43,2025,8,17,16,0,6
8/17/2025 6:30,834,4664,840,1210,1323,14,4316,0,15,78,348,2025,8,17,6,30,6
8/16/2025 20:56,872,6762,1583,1301,1323,436,5623,-2,25,82,1139,2025,8,16,20,56,5
8/16/2025 11:28,752,4544,699,1176,1329,184,5414,1232,28,11,-869,2025,8,16,11,28,5
8/16/2025 1:46,686,5018,808,1239,1328,294,4387,-4,25,7,630,2025,8,16,1,46,5
8/15/2025 16:17,822,4855,620,1086,1323,783,5735,1065,26,6,-880,2025,8,15,16,17,4
8/15/2025 6:47,748,4905,978,1309,1328,313,4816,16,34,87,89,2025,8,15,6,47,4
8/14/2025 21:17,879,7456,2160,1374,1318,182,6033,-3,34,88,1423,2025,8,14,21,17,3
8/14/2025 11:48,838,5208,862,1023,1271,256,5820,1527,32,7,-611,2025,8,14,11,48,3
8/14/2025 1:25,778,5416,1064,1339,1326,102,4693,-6,27,61,723,2025,8,14,1,25,3
8/13/2025 11:38,838,5165,766,934,1302,213,5545,1458,30,0,-380,2025,8,13,11,38,2
8/13/2025 2:09,657,5212,1252,1311,1331,43,4631,-6,26,15,580,2025,8,13,2,9,2
8/12/2025 16:29,713,5597,859,991,1303,246,5306,1160,30,0,291,2025,8,12,16,29,1
8/12/2025 6:00,712,5316,1156,1333,1329,1273,5858,-5,19,38,-541,2025,8,12,6,0,1
8/11/2025 20:30,755,7527,2122,1375,1268,620,6412,197,21,51,1114,2025,8,11,20,30,0
8/11/2025 10:50,727,5672,1071,955,1248,439,5818,1344,21,9,-146,2025,8,11,10,50,0
8/11/2025 1:08,747,5129,1107,1329,1279,618,5114,-6,21,15,14,2025,8,11,1,8,0
8/10/2025 15:29,723,4657,785,652,1270,333,4583,796,21,0,73,2025,8,10,15,29,6
8/10/2025 5:47,713,4847,1197,856,1270,346,4452,-7,20,54,395,2025,8,10,5,47,6
8/9/2025 20:10,763,6887,2008,910,1276,396,5448,33,31,26,1439,2025,8,9,20,10,5
8/9/2025 10:32,736,4757,943,705,1270,-19,4863,1193,31,3,-106,2025,8,9,10,32,5
8/9/2025 0:59,675,5562,1560,856,1264,19,4404,-5,32,0,1157,2025,8,9,0,59,5
8/8/2025 15:30,690,5299,897,691,1302,339,5041,1082,31,6,257,2025,8,8,15,30,4
8/7/2025 15:59,720,5693,846,725,1242,1145,5713,956,41,35,-20,2025,8,7,15,59,3
8/7/2025 5:30,741,5319,1271,880,1304,1911,6159,-5,43,12,-840,2025,8,7,5,30,3
8/6/2025 19:26,832,7042,2076,542,1281,299,5278,177,40,29,1764,2025,8,6,19,26,2
8/6/2025 9:17,807,5928,1274,471,1278,35,4649,734,42,5,1278,2025,8,6,9,17,2
8/5/2025 23:30,738,6311,1655,1308,1312,177,5249,-6,61,1,1062,2025,8,5,23,30,1
8/5/2025 13:41,733,5636,1030,1088,1304,379,5650,1045,57,12,-13,2025,8,5,13,41,1
8/5/2025 3:48,753,5293,1159,1164,1313,420,4871,-6,56,10,422,2025,8,5,3,48,1
8/4/2025 16:48,779,6273,1122,860,1270,375,5272,790,59,13,1000,2025,8,4,16,48,0
8/4/2025 6:00,710,5034,1340,949,1330,193,4576,-4,52,3,457,2025,8,4,6,0,0
8/3/2025 19:19,728,6147,1958,838,1332,342,5404,147,55,0,742,2025,8,3,19,19,6
8/3/2025 8:30,499,4534,1222,545,1330,309,4487,525,48,4,46,2025,8,3,8,30,6
8/2/2025 21:31,775,6726,1962,806,1323,181,5165,-3,58,60,1560,2025,8,2,21,31,5
8/2/2025 11:32,720,4562,994,538,1281,178,5096,1302,53,26,-533,2025,8,2,11,32,5
8/2/2025 0:57,836,5578,1513,1171,1323,24,4923,-5,59,0,655,2025,8,2,0,57,5
8/1/2025 14:09,894,5174,1236,890,1325,73,5881,1410,49,0,-706,2025,8,1,14,9,4
8/1/2025 4:10,971,5294,1332,1139,1323,190,5008,-6,56,0,286,2025,8,1,4,10,4
7/31/2025 18:00,927,6462,1215,1175,1250,149,5247,444,57,26,1215,2025,7,31,18,0,3
7/31/2025 7:30,889,6094,1388,1138,1326,260,5293,151,58,80,800,2025,7,31,7,30,3
7/30/2025 21:48,1172,7158,1894,1230,1306,298,5990,-4,60,32,1168,2025,7,30,21,48,2
7/30/2025 12:18,1064,5893,913,887,1296,786,5995,982,53,10,-102,2025,7,30,12,18,2
7/30/2025 2:17,1169,5383,846,1161,1317,709,5245,-6,43,4,137,2025,7,30,2,17,2
7/29/2025 14:09,1211,6731,820,1052,1279,150,5273,671,55,24,1458,2025,7,29,14,9,1
7/29/2025 4:39,1211,5472,752,1124,1311,486,4956,-6,52,24,516,2025,7,29,4,39,1
7/28/2025 19:09,1190,7731,1842,1073,1313,157,5861,225,59,0,1869,2025,7,28,19,9,0
7/28/2025 9:38,988,6541,1318,1116,1300,146,5713,760,47,35,827,2025,7,28,9,38,0
7/28/2025 0:09,923,5861,1450,1117,1319,529,5543,-6,45,164,317,2025,7,28,0,9,0
7/27/2025 14:38,987,5335,530,614,1319,1012,5596,1082,48,0,-260,2025,7,27,14,38,6
7/27/2025 5:11,915,5303,711,1087,1324,267,4395,-6,36,59,908,2025,7,27,5,11,6
7/26/2025 19:38,959,7597,1629,1079,1316,1083,6257,92,58,36,1340,2025,7,26,19,38,5
7/26/2025 10:09,992,5842,714,1028,1323,53,5291,1113,56,9,550,2025,7,26,10,9,5
7/26/2025 0:38,875,6369,1469,1112,1311,949,5773,-4,60,0,595,2025,7,26,0,38,5
7/25/2025 15:09,973,6912,747,979,1292,749,6165,1361,55,6,746,2025,7,25,15,9,4
7/25/2025 5:38,926,5745,774,1112,1317,166,4348,-3,54,1,1396,2025,7,25,5,38,4
7/24/2025 20:08,1079,7923,1945,1178,1308,549,6248,76,59,50,1675,2025,7,24,20,8,3
7/24/2025 10:38,973,6265,922,1094,1306,161,5907,1360,52,36,357,2025,7,24,10,38,3
7/24/2025 1:08,893,6023,1397,1170,1329,58,4923,-5,58,20,1099,2025,7,24,1,8,3
7/23/2025 15:38,934,6279,786,870,1314,345,5771,1440,58,20,508,2025,7,23,15,38,2
7/23/2025 6:08,895,5830,1397,1114,1329,418,5235,1,58,20,594,2025,7,23,6,8,2
7/22/2025 20:39,926,7573,2024,1065,1326,400,5904,27,59,74,1668,2025,7,22,20,39,1
7/22/2025 9:48,966,6552,1049,1052,1314,73,5520,984,59,20,1031,2025,7,22,9,48,1
7/22/2025 0:08,881,6347,1415,1153,1326,1088,5943,-5,58,25,403,2025,7,22,0,8,1
7/21/2025 14:17,735,6083,812,1029,1288,121,5623,1552,58,24,460,2025,7,21,14,17,0
7/21/2025 4:09,695,5021,1079,1127,1329,423,4707,-6,55,3,313,2025,7,21,4,9,0
7/20/2025 18:30,718,5419,1114,478,1329,213,4355,446,54,0,1064,2025,7,20,18,30,6
7/20/2025 8:39,711,4441,899,317,1320,-6,3844,553,47,0,596,2025,7,20,8,39,6
7/19/2025 22:30,723,6365,1599,394,1330,544,4650,-5,57,5,1714,2025,7,19,22,30,5
7/19/2025 12:39,740,4720,650,307,1321,151,4476,1244,57,2,244,2025,7,19,12,39,5
7/19/2025 3:00,733,5269,1322,757,1330,122,4307,-5,46,0,962,2025,7,19,3,0,5
7/18/2025 17:08,830,5905,768,583,1320,971,5424,884,48,8,481,2025,7,18,17,8,4
7/18/2025 7:26,888,5976,1277,651,1322,1660,6115,195,48,71,-139,2025,7,18,7,26,4
7/17/2025 21:39,960,7237,1825,768,1312,952,5960,-4,51,96,1276,2025,7,17,21,39,3
7/17/2025 12:08,821,6120,628,586,1267,64,4486,1069,49,0,1633,2025,7,17,12,8,3
7/17/2025 2:38,928,5499,889,782,1320,67,4038,-5,55,0,1460,2025,7,17,2,38,3
7/16/2025 16:22,820,6801,837,950,1288,448,5186,796,51,0,1614,2025,7,16,16,22,2
7/16/2025 6:48,962,6011,871,1092,1325,165,4575,71,54,31,1435,2025,7,16,6,48,2
7/15/2025 21:09,983,7555,2079,1291,1316,186,6004,0,60,86,1551,2025,7,15,21,9,1
7/15/2025 11:38,880,6238,791,1105,1273,372,5766,1288,53,0,472,2025,7,15,11,38,1
7/15/2025 2:08,883,5638,854,1272,1312,49,4417,-4,45,4,1220,2025,7,15,2,8,1
7/14/2025 16:39,842,6524,866,1207,1257,307,5572,1030,46,16,951,2025,7,14,16,39,0
7/14/2025 7:08,757,5912,1619,1289,1335,55,5345,160,46,80,566,2025,7,14,7,8,0
7/13/2025 21:38,721,6540,1777,1214,1332,192,5335,-4,44,57,1205,2025,7,13,21,38,6
7/13/2025 12:08,792,4062,448,672,1328,39,4633,1302,50,0,-570,2025,7,13,12,8,6
7/13/2025 2:38,786,5065,725,839,1334,313,4053,-5,47,11,1011,2025,7,13,2,38,6
7/12/2025 17:09,840,5321,428,772,1329,200,4456,836,47,1,865,2025,7,12,17,9,5
7/12/2025 7:40,872,5299,874,844,1336,257,4523,208,48,80,776,2025,7,12,7,40,5
7/11/2025 22:17,752,6795,1854,1288,1324,282,5611,-4,51,62,1183,2025,7,11,22,17,4
7/11/2025 12:47,852,5798,838,1074,1264,45,5367,1236,50,4,431,2025,7,11,12,47,4
7/11/2025 3:17,711,5334,734,1256,1328,931,5008,-4,49,0,326,2025,7,11,3,17,4
7/10/2025 17:46,740,6329,906,1196,1280,721,5501,591,50,12,827,2025,7,10,17,46,3
7/10/2025 8:17,704,6297,1000,1129,1320,1255,5973,461,60,41,324,2025,7,10,8,17,3
7/9/2025 22:47,688,6638,1473,1162,1316,2067,6772,-5,61,7,-133,2025,7,9,22,47,2
7/9/2025 13:25,856,7226,881,1080,1312,860,6048,902,55,98,1177,2025,7,9,13,25,2
7/9/2025 3:56,811,5771,769,1283,1326,845,5176,-4,57,86,594,2025,7,9,3,56,2
7/8/2025 18:25,637,7696,2024,1259,1305,1414,7167,418,60,45,528,2025,7,8,18,25,1
7/8/2025 8:56,606,6577,1625,1235,1329,441,6270,903,58,69,306,2025,7,8,8,56,1
7/7/2025 23:25,646,6769,1553,1281,1329,1537,6393,-5,50,0,376,2025,7,7,23,25,0
7/7/2025 13:55,639,6726,708,1166,1292,1518,6939,1559,53,0,-212,2025,7,7,13,55,0
7/7/2025 4:25,586,5193,673,1068,1324,951,4653,-6,50,4,540,2025,7,7,4,25,0
7/6/2025 18:54,658,6344,821,553,1320,1348,5323,396,48,176,1020,2025,7,6,18,54,6
7/6/2025 9:30,748,4712,690,292,1322,334,4451,914,49,97,260,2025,7,6,9,30,6
7/5/2025 23:59,838,6132,1534,701,1325,311,4772,-6,47,19,1359,2025,7,5,23,59,5
7/5/2025 14:24,967,5157,400,629,1320,313,4933,1254,47,0,224,2025,7,5,14,24,5
7/5/2025 4:56,880,5630,703,1075,1326,509,4539,-6,49,0,1091,2025,7,5,4,56,5
7/4/2025 19:25,1105,7800,2048,1154,1310,428,6415,288,54,42,1384,2025,7,4,19,25,4
7/4/2025 9:47,1056,6253,906,1133,1306,8,5709,1243,51,4,543,2025,7,4,9,47,4
7/4/2025 0:16,1045,6341,1473,1235,1324,342,5474,-6,53,6,866,2025,7,4,0,16,4
7/3/2025 14:47,1038,5847,605,849,1299,173,5743,1724,53,0,103,2025,7,3,14,47,3
7/3/2025 5:17,1009,5543,736,1193,1338,732,5056,-6,51,0,486,2025,7,3,5,17,3
7/2/2025 19:47,1090,7359,1814,1202,1336,687,6429,202,55,41,929,2025,7,2,19,47,2
7/2/2025 10:17,1037,5578,869,874,1189,506,6112,1470,47,117,-534,2025,7,2,10,17,2
7/2/2025 0:38,1085,5875,1537,1103,1334,668,5777,-6,53,0,98,2025,7,2,0,38,2
7/1/2025 15:07,736,5453,513,752,1279,807,5690,1550,51,0,-236,2025,7,1,15,7,1
7/1/2025 5:38,965,5344,784,1123,1340,826,5084,-3,46,0,260,2025,7,1,5,38,1
6/30/2025 20:08,1086,7533,2171,1134,1314,421,6342,120,53,40,1191,2025,6,30,20,8,0
6/30/2025 10:25,833,6228,1286,750,1290,948,6336,1166,43,16,-108,2025,6,30,10,25,0
6/30/2025 0:55,858,5394,1144,953,1322,459,4796,-6,46,18,598,2025,6,30,0,55,0
6/29/2025 15:25,684,4521,470,265,1329,1537,5059,729,41,0,-537,2025,6,29,15,25,6
6/29/2025 5:56,768,4735,803,332,1332,1796,5112,6,35,34,-376,2025,6,29,5,56,6
6/28/2025 20:24,858,6543,1940,416,1308,1271,5969,62,33,65,573,2025,6,28,20,24,5
6/28/2025 10:55,782,5580,684,271,1311,779,4748,884,34,0,831,2025,6,28,10,55,5
6/28/2025 1:26,916,5881,1098,1168,1165,281,4678,-4,36,15,1203,2025,6,28,1,26,5
6/27/2025 15:55,684,6789,1030,807,982,1082,5888,1264,37,0,901,2025,6,27,15,55,4
6/27/2025 6:25,873,5909,1423,1102,644,306,4461,69,39,2,1447,2025,6,27,6,25,4
6/26/2025 20:55,934,8012,3149,1176,631,541,6493,10,28,20,1518,2025,6,26,20,55,3
6/26/2025 11:23,861,6202,1302,990,610,246,5730,1677,37,3,471,2025,6,26,11,23,3
6/26/2025 1:47,883,5729,1604,1209,642,872,5271,-4,46,18,457,2025,6,26,1,47,3
6/25/2025 16:17,787,6390,1335,788,904,396,5754,1495,47,0,635,2025,6,25,16,17,2
6/25/2025 3:01,838,5491,1601,1182,651,799,5119,-5,51,0,371,2025,6,25,3,1,2
6/24/2025 14:09,836,5651,589,763,652,701,5241,1646,51,0,409,2025,6,24,14,9,1
6/24/2025 1:59,853,5595,1224,1165,652,429,4373,-5,49,0,1222,2025,6,24,1,59,1
6/23/2025 13:40,551,5307,1037,774,637,664,5516,1796,47,7,-208,2025,6,23,13,40,0
6/23/2025 2:25,629,4898,1001,1206,645,617,4136,-5,40,0,761,2025,6,23,2,25,0
6/22/2025 16:47,604,4383,728,324,607,296,3454,783,42,66,929,2025,6,22,16,47,6
6/22/2025 7:17,640,4580,1107,376,656,20,3064,214,44,3,1515,2025,6,22,7,17,6
6/21/2025 21:46,611,6570,1863,432,656,144,3806,-5,44,59,2763,2025,6,21,21,46,5
6/21/2025 12:16,592,4498,816,334,656,985,4535,1107,41,0,-36,2025,6,21,12,16,5
6/21/2025 2:46,867,5235,1585,1232,655,676,5066,-5,47,5,168,2025,6,21,2,46,5
6/20/2025 17:16,834,5756,1382,794,652,311,5138,1112,50,0,618,2025,6,20,17,16,4
6/20/2025 7:47,874,6257,1796,1218,656,2043,7063,354,51,68,-805,2025,6,20,7,47,4
6/19/2025 22:17,1021,7321,2202,1217,647,314,5571,-3,52,118,1749,2025,6,19,22,17,3
6/19/2025 12:08,915,5643,949,789,640,196,5293,1729,51,7,349,2025,6,19,12,8,3
6/19/2025 2:39,949,5612,1183,1208,652,142,4188,-3,54,1,1423,2025,6,19,2,39,3
6/18/2025 17:07,884,5991,1321,782,644,220,5087,1181,51,0,903,2025,6,18,17,7,2
6/18/2025 7:39,1008,6194,1905,1243,659,234,5548,333,53,108,646,2025,6,18,7,39,2
6/17/2025 22:07,1023,7143,2055,1167,653,470,5617,-4,57,194,1525,2025,6,17,22,7,1
6/17/2025 12:25,821,5195,953,784,657,437,5361,1641,53,12,-166,2025,6,17,12,25,1
6/17/2025 2:56,921,5327,1617,943,656,167,4358,-4,53,4,968,2025,6,17,2,56,1
6/16/2025 17:25,776,5811,1501,791,591,419,5309,1173,55,0,502,2025,6,16,17,25,0
6/16/2025 7:46,602,5615,1805,1195,660,465,5339,424,58,128,275,2025,6,16,7,46,0
6/15/2025 22:18,639,5892,1765,1241,660,527,4895,-3,46,18,996,2025,6,15,22,18,6
6/15/2025 12:47,533,3638,1194,333,660,737,4643,1095,47,40,-1005,2025,6,15,12,47,6
6/15/2025 3:16,589,4703,1288,398,660,1144,4128,-4,49,0,574,2025,6,15,3,16,6
6/14/2025 17:47,860,5352,1492,351,657,1067,5093,577,52,34,258,2025,6,14,17,47,5
6/14/2025 8:16,873,4981,1476,358,659,562,4539,535,51,21,441,2025,6,14,8,16,5
6/13/2025 17:17,775,5641,1576,369,649,420,4896,1051,53,1,745,2025,6,13,17,17,4
6/13/2025 7:47,811,5978,1862,1244,653,177,5326,412,58,106,652,2025,6,13,7,47,4
6/12/2025 22:17,921,6908,2092,1267,654,195,5239,-3,57,54,1669,2025,6,12,22,17,3
6/12/2025 12:49,766,4988,1265,863,612,211,5506,1728,57,0,-517,2025,6,12,12,49,3
6/12/2025 2:25,826,5320,1741,1281,659,525,5083,-5,54,0,236,2025,6,12,2,25,3
6/11/2025 16:55,724,5792,1585,830,614,475,5420,1116,43,30,372,2025,6,11,16,55,2
6/11/2025 7:27,870,6019,1881,1270,656,49,5123,268,45,80,896,2025,6,11,7,27,2
6/10/2025 21:56,892,7036,2305,1320,639,66,5301,-3,43,36,1734,2025,6,10,21,56,1
6/10/2025 12:25,591,5406,1375,342,663,812,5248,1386,46,30,158,2025,6,10,12,25,1
6/10/2025 2:47,600,4531,1473,421,660,1415,4635,-4,37,30,-104,2025,6,10,2,47,1
6/9/2025 17:16,599,5067,1435,343,659,499,4129,553,38,0,938,2025,6,9,17,16,0
6/9/2025 6:26,626,4553,1563,410,659,143,3556,32,39,80,997,2025,6,9,6,26,0
6/8/2025 20:55,577,5774,2615,431,659,889,5259,5,43,38,514,2025,6,8,20,55,6
6/8/2025 11:25,534,3761,1311,334,663,297,4173,988,43,0,-411,2025,6,8,11,25,6
6/8/2025 1:55,588,4909,1844,419,661,717,4273,-4,42,3,636,2025,6,8,1,55,6
6/7/2025 16:25,668,5086,1709,349,662,440,4847,976,40,0,239,2025,6,7,16,25,5
6/7/2025 6:54,776,4925,1993,1164,662,362,5161,95,47,59,-235,2025,6,7,6,54,5
6/6/2025 21:24,755,7179,2781,1170,654,1100,6557,-3,48,47,622,2025,6,6,21,24,4
6/6/2025 11:55,807,5499,1895,784,617,333,6173,1685,47,3,-674,2025,6,6,11,55,4
6/6/2025 2:25,851,5309,2068,1218,663,843,5689,-4,48,0,-379,2025,6,6,2,25,4
6/5/2025 16:55,821,6113,2200,966,619,789,6620,1172,44,6,-506,2025,6,5,16,55,3
6/5/2025 7:25,846,5798,2428,1209,665,197,5797,324,49,77,0,2025,6,5,7,25,3
6/4/2025 21:55,869,7062,2674,1291,650,140,5759,-3,55,95,1302,2025,6,4,21,55,2
6/4/2025 12:26,762,5041,2001,919,631,47,6108,1695,51,0,-1067,2025,6,4,12,26,2
6/4/2025 2:55,769,5047,1967,1205,665,420,5075,-4,51,0,-28,2025,6,4,2,55,2
6/3/2025 17:25,812,5709,2078,382,666,589,5619,1040,45,4,90,2025,6,3,17,25,1
6/3/2025 7:55,845,5672,2467,414,665,54,5036,502,37,48,635,2025,6,3,7,55,1
6/2/2025 22:25,879,6643,2553,482,662,514,5147,-2,34,24,1495,2025,6,2,22,25,0
6/2/2025 12:55,563,4831,1888,341,633,4,5257,1787,36,1,-425,2025,6,2,12,55,0
6/2/2025 3:25,556,4410,1845,418,666,170,3688,-4,33,2,721,2025,6,2,3,25,0
6/1/2025 17:55,606,4570,1723,380,665,56,4016,472,30,80,554,2025,6,1,17,55,6
6/1/2025 8:26,504,3957,1951,331,666,146,4178,544,32,0,-220,2025,6,1,8,26,6
5/31/2025 22:55,609,5798,2576,491,663,234,4613,-4,33,9,1184,2025,5,31,22,55,5
5/31/2025 11:07,577,4289,1535,340,664,1002,5052,897,35,0,-763,2025,5,31,11,7,5
5/31/2025 1:39,619,5172,2147,416,666,1033,4912,-4,34,0,260,2025,5,31,1,39,5
5/30/2025 16:08,819,5252,1917,349,663,915,5662,957,35,3,-409,2025,5,30,16,8,4
5/30/2025 5:55,707,5051,1770,404,667,1248,4835,-1,35,3,216,2025,5,30,5,55,4
5/29/2025 20:25,858,6641,2617,420,656,162,4834,33,36,48,1806,2025,5,29,20,25,3
5/29/2025 10:55,779,5492,2252,357,650,92,5027,859,32,2,465,2025,5,29,10,55,3
5/29/2025 1:25,847,5181,1911,1227,667,520,5208,-4,34,2,-26,2025,5,29,1,25,3
5/28/2025 15:55,738,5774,1918,1080,660,1067,6333,813,33,21,-559,2025,5,28,15,55,2
5/28/2025 6:08,756,5424,1942,1162,670,1144,5712,4,32,0,-288,2025,5,28,6,8,2
5/27/2025 20:38,721,6845,2370,1212,670,1308,6383,17,32,50,461,2025,5,27,20,38,1
5/27/2025 11:07,634,5852,1858,837,672,997,5985,947,37,0,-133,2025,5,27,11,7,1
5/27/2025 1:38,761,5201,1612,1201,671,1557,5831,-4,32,0,-629,2025,5,27,1,38,1
5/26/2025 16:08,692,5976,1769,410,625,786,4957,640,32,0,1018,2025,5,26,16,8,0
5/25/2025 18:00,576,5530,1901,332,662,755,4432,163,38,0,1098,2025,5,25,18,0,6
5/25/2025 8:25,522,4922,1343,291,667,672,3707,139,35,34,1215,2025,5,25,8,25,6
5/24/2025 22:56,510,5698,2073,353,662,423,4094,-4,45,30,1603,2025,5,24,22,56,5
5/24/2025 13:24,545,5033,1690,285,658,104,4089,755,40,8,944,2025,5,24,13,24,5
5/24/2025 3:56,542,4985,1605,1145,654,248,4240,-4,47,0,744,2025,5,24,3,56,5
5/23/2025 18:25,695,6362,2267,1129,659,284,5428,336,49,7,933,2025,5,23,18,25,4
5/23/2025 7:56,687,5884,2094,1216,664,103,5266,351,49,99,618,2025,5,23,7,56,4
5/22/2025 22:25,697,6504,2213,1126,656,1451,6191,-5,49,0,313,2025,5,22,22,25,3
5/22/2025 11:46,661,5196,1589,765,624,525,5445,1221,42,15,-249,2025,5,22,11,46,3
5/22/2025 2:17,737,5038,1562,1181,666,1173,5360,-4,39,4,-321,2025,5,22,2,17,3
5/21/2025 16:47,661,5171,1849,822,659,370,5443,968,32,79,-271,2025,5,21,16,47,2
5/21/2025 7:17,666,5817,1782,1086,669,277,4855,268,33,71,961,2025,5,21,7,17,2
5/20/2025 21:47,950,7077,2307,1267,668,148,5469,-2,49,80,1607,2025,5,20,21,47,1
5/20/2025 12:16,711,4752,815,795,669,1337,5944,1571,43,0,-1192,2025,5,20,12,16,1
5/20/2025 2:46,773,5213,1575,1087,661,990,5131,-5,45,1,81,2025,5,20,2,46,1
5/19/2025 17:17,732,5939,1442,401,648,2215,5999,517,42,0,-59,2025,5,19,17,17,0
5/19/2025 7:39,596,5821,1717,248,663,1201,4818,260,43,86,1003,2025,5,19,7,39,0
5/18/2025 22:08,611,5903,1985,251,656,867,4435,-5,40,29,1467,2025,5,18,22,8,6
5/18/2025 12:38,465,3640,1262,156,663,401,4016,1027,38,0,-375,2025,5,18,12,38,6
5/18/2025 3:08,623,4802,1589,229,663,459,3606,-5,39,6,1196,2025,5,18,3,8,6
5/17/2025 16:47,562,5347,1634,164,662,602,4248,566,43,11,1099,2025,5,17,16,47,5
5/17/2025 7:16,633,5269,1591,1048,669,545,4606,43,41,32,662,2025,5,17,7,16,5
5/16/2025 21:47,866,7032,2465,1144,663,660,5935,-4,35,104,1097,2025,5,16,21,47,4
5/16/2025 11:17,791,6268,1485,711,659,1273,5710,741,44,2,558,2025,5,16,11,17,4
5/16/2025 1:37,803,5288,1492,1053,665,2111,6164,-4,42,0,-876,2025,5,16,1,37,4
5/15/2025 15:55,815,4841,1212,653,617,1515,6160,1264,43,37,-1319,2025,5,15,15,55,3
5/15/2025 6:26,945,5566,1690,1112,674,687,5178,23,44,0,387,2025,5,15,6,26,3
5/14/2025 20:47,879,7045,2285,1026,663,670,5648,0,40,82,1397,2025,5,14,20,47,2
5/14/2025 11:17,832,4763,1153,704,632,65,4961,1510,42,18,-197,2025,5,14,11,17,2
5/14/2025 1:47,927,5317,1616,1075,672,159,4484,-5,38,0,832,2025,5,14,1,47,2
5/13/2025 16:17,799,5234,1474,802,671,78,4851,983,41,0,383,2025,5,13,16,17,1
5/13/2025 5:56,639,5274,1564,990,675,860,4765,-1,35,1,508,2025,5,13,5,56,1
5/12/2025 10:39,565,5750,1588,667,652,379,4879,988,35,0,870,2025,5,12,10,39,0
5/12/2025 1:09,589,4877,1528,237,670,922,3972,-5,29,0,905,2025,5,12,1,9,0
5/11/2025 15:38,513,4262,1125,160,669,205,3581,871,36,0,680,2025,5,11,15,38,6
5/11/2025 6:09,758,4656,1565,236,1367,384,4388,0,41,34,267,2025,5,11,6,9,6
5/10/2025 19:02,592,5820,1888,196,1378,242,4576,220,41,0,1244,2025,5,10,19,2,5
5/10/2025 6:19,629,5141,1530,259,1373,246,4087,5,42,0,1053,2025,5,10,6,19,5
5/9/2025 16:29,547,5442,1203,1008,1341,959,6021,917,43,0,-579,2025,5,9,16,29,4
5/9/2025 3:49,641,5110,1378,1050,1366,810,5286,-4,41,0,-176,2025,5,9,3,49,4
5/8/2025 15:08,586,5715,1259,1000,1314,77,4986,702,45,0,728,2025,5,8,15,8,3
5/8/2025 2:46,610,5109,1371,1075,1361,508,4968,-4,43,0,141,2025,5,8,2,46,3
5/7/2025 14:00,552,5411,1452,892,1311,427,5634,958,39,0,-223,2025,5,7,14,0,2
5/7/2025 0:30,615,5325,1323,1056,1366,152,4560,-4,48,0,765,2025,5,7,0,30,2
5/6/2025 11:37,564,5710,1558,961,1341,33,5318,791,44,0,392,2025,5,6,11,37,1
5/5/2025 23:18,589,5815,1857,648,1361,470,4970,-4,45,0,844,2025,5,5,23,18,0
5/5/2025 10:37,564,5441,1628,551,1345,47,5207,1033,41,0,234,2025,5,5,10,37,0
5/4/2025 19:27,538,5346,1593,241,1377,1459,5364,104,39,0,-18,2025,5,4,19,27,6
5/4/2025 8:50,460,4136,1302,205,1373,502,4553,650,39,0,-416,2025,5,4,8,50,6
5/3/2025 16:59,440,4632,1019,181,1375,1478,5300,760,39,0,-667,2025,5,3,16,59,5
5/3/2025 3:17,457,4866,1301,248,1372,648,4070,-1,41,0,795,2025,5,3,3,17,5
5/2/2025 12:17,445,4019,1120,178,1322,628,4972,1238,39,0,-953,2025,5,2,12,17,4
5/2/2025 0:46,441,5145,1368,253,1380,1217,4699,-4,42,0,445,2025,5,2,0,46,4
5/1/2025 11:08,465,4417,1599,180,1365,43,4698,986,39,0,-281,2025,5,1,11,8,3
4/30/2025 19:32,535,6489,2222,260,1367,282,4812,82,42,0,1677,2025,4,30,19,32,2
4/30/2025 2:46,550,5180,1197,264,1375,275,3698,-5,40,0,1481,2025,4,30,2,46,2
4/29/2025 10:27,509,5059,1445,215,1336,131,5118,1442,37,0,-58,2025,4,29,10,27,1
4/28/2025 22:50,736,6335,2006,314,1367,756,5227,-3,36,0,1108,2025,4,28,22,50,0
4/28/2025 6:38,598,5593,1324,284,1376,104,3741,14,35,0,1852,2025,4,28,6,38,0
4/27/2025 18:00,590,4920,1256,247,1369,218,4168,442,36,0,752,2025,4,27,18,0,6
4/27/2025 7:00,565,4539,1297,225,1370,1365,4875,15,36,0,-335,2025,4,27,7,0,6
4/26/2025 18:39,579,5977,1636,269,1376,920,4983,163,36,0,994,2025,4,26,18,39,5
4/26/2025 6:55,562,4987,1203,235,1370,880,4313,19,38,0,673,2025,4,26,6,55,5
4/25/2025 13:28,488,4506,1416,609,1323,166,5592,1548,37,0,-1085,2025,4,25,13,28,4
4/25/2025 1:46,600,5164,1258,678,1366,6,3944,-4,39,0,1219,2025,4,25,1,46,4
4/24/2025 4:26,571,5036,1293,684,1369,26,3978,-4,38,0,1057,2025,4,24,4,26,3
4/23/2025 14:15,543,4546,1025,647,1349,-6,4855,1243,43,0,-309,2025,4,23,14,15,2
4/23/2025 2:37,547,4944,1072,648,1381,233,3922,-3,39,0,1021,2025,4,23,2,37,2
4/22/2025 12:17,231,4200,1263,243,1384,108,4719,1437,41,0,-518,2025,4,22,12,17,1
4/21/2025 18:41,249,4223,1550,201,1383,298,3943,202,41,0,280,2025,4,21,18,41,0
4/21/2025 6:00,256,4045,1250,223,1380,88,3236,-3,40,0,808,2025,4,21,6,0,0
4/20/2025 15:30,240,2589,366,184,1380,11,2879,654,37,0,-290,2025,4,20,15,30,6
4/20/2025 3:55,290,4279,1217,269,1380,16,3208,-4,39,0,1070,2025,4,20,3,55,6
4/19/2025 15:00,260,4808,1145,199,1375,116,3854,719,37,0,954,2025,4,19,15,0,5
4/19/2025 3:39,252,4473,1271,219,1374,238,3390,-3,37,0,1082,2025,4,19,3,39,5
4/18/2025 13:55,423,4591,1379,210,1367,1147,5314,747,38,0,-723,2025,4,18,13,55,4
4/18/2025 2:17,440,5069,1293,242,1367,1360,4745,-3,45,0,323,2025,4,18,2,17,4
4/17/2025 14:30,550,4910,1424,230,1341,1612,6715,1506,48,0,-1804,2025,4,17,14,30,3
4/17/2025 1:07,553,5542,1227,420,1371,1787,5401,-4,44,0,140,2025,4,17,1,7,3
4/16/2025 13:00,745,5106,1330,393,1303,1419,6792,1551,48,0,-1685,2025,4,16,13,0,2
4/16/2025 0:30,787,5932,1399,487,1377,1647,5739,-4,45,0,193,2025,4,16,0,30,2
4/15/2025 13:17,802,6948,1594,478,1380,1674,6443,479,34,0,505,2025,4,15,13,17,1
4/15/2025 1:29,761,5663,1282,486,1369,1836,5776,-3,43,0,-112,2025,4,15,1,29,1
4/14/2025 13:38,579,6425,1511,466,1365,1561,6213,683,46,0,211,2025,4,14,13,38,0
4/14/2025 2:38,576,5132,1274,487,1373,1023,4776,-4,45,0,355,2025,4,14,2,38,0
4/13/2025 14:25,543,3852,1019,395,1358,18,4522,1143,45,0,-670,2025,4,13,14,25,6
4/13/2025 2:17,606,5266,1367,511,1374,193,4090,-3,41,0,1175,2025,4,13,2,17,6
4/12/2025 15:08,755,5475,1158,400,1363,1095,5443,625,44,0,32,2025,4,12,15,8,5
4/12/2025 4:54,859,5668,1355,496,1377,1097,5230,-4,48,0,438,2025,4,12,4,54,5
4/11/2025 18:00,985,7161,1734,531,1369,1818,6717,225,47,0,444,2025,4,11,18,0,4
4/11/2025 6:09,887,6512,1387,559,1375,2209,6457,-4,41,0,55,2025,4,11,6,9,4
4/10/2025 20:01,983,7950,2136,586,1366,2615,7762,0,38,0,187,2025,4,10,20,1,3
4/10/2025 6:59,959,6823,1746,580,1374,659,5384,4,52,0,1438,2025,4,10,6,59,3
4/9/2025 18:29,839,7153,2160,558,1371,425,5686,279,52,0,1467,2025,4,9,18,29,2
4/9/2025 6:30,945,6638,1689,577,1371,626,5258,-3,50,0,1380,2025,4,9,6,30,2
4/8/2025 17:24,779,6572,2054,556,1369,131,5587,641,54,0,985,2025,4,8,17,24,1
4/8/2025 3:11,955,5942,1591,621,1367,115,4697,-3,48,0,1244,2025,4,8,3,11,1
4/7/2025 13:30,772,6732,1898,552,1360,880,6426,915,45,0,306,2025,4,7,13,30,0
4/7/2025 2:00,790,5297,1675,557,1376,624,5060,-4,40,0,237,2025,4,7,2,0,0
4/6/2025 15:25,745,5235,1312,443,1331,566,4892,455,38,0,342,2025,4,6,15,25,6
4/6/2025 4:30,789,5073,1666,529,1381,926,5333,-2,42,0,-259,2025,4,6,4,30,6
4/5/2025 16:07,704,5162,1120,446,1381,434,4676,540,43,0,486,2025,4,5,16,7,5
4/5/2025 3:38,792,5428,1658,544,1383,594,5016,-4,46,0,412,2025,4,5,3,38,5
4/4/2025 15:31,756,5817,1621,469,1384,694,5816,841,48,0,0,2025,4,4,15,31,4
4/4/2025 4:29,794,5553,1518,569,1383,660,4968,-4,48,0,584,2025,4,4,4,29,4
4/3/2025 17:07,771,6623,1901,542,1359,700,5823,495,51,0,799,2025,4,3,17,7,3
4/3/2025 5:25,777,5682,1610,550,1385,878,5249,-3,50,0,433,2025,4,3,5,25,3
4/2/2025 18:30,824,6940,2233,608,1376,1147,6364,95,51,0,576,2025,4,2,18,30,2
4/2/2025 4:25,767,5399,1558,613,1376,1523,5886,-4,51,0,-486,2025,4,2,4,25,2
4/1/2025 15:16,744,5959,2134,606,1370,514,6184,763,51,0,-224,2025,4,1,15,16,1
4/1/2025 3:24,810,5470,1673,638,1370,98,4637,-4,50,0,832,2025,4,1,3,24,1
3/31/2025 14:29,658,6208,1945,650,1356,120,5561,759,68,0,647,2025,3,31,14,29,0
3/31/2025 2:00,568,5040,1458,663,1377,-18,4107,-4,63,0,933,2025,3,31,2,0,0
3/30/2025 14:08,568,4829,1193,561,1377,138,4393,490,62,0,436,2025,3,30,14,8,6
3/30/2025 1:38,813,5259,1395,687,1374,157,4487,-4,63,0,771,2025,3,30,1,38,6
3/29/2025 13:56,837,6287,1686,1096,1367,520,5834,257,64,0,453,2025,3,29,13,56,5
3/29/2025 4:24,743,5378,1216,1040,1373,2184,6624,-4,70,0,-1245,2025,3,29,4,24,5
3/28/2025 16:59,797,7057,1485,1092,1363,2588,7534,131,74,0,-477,2025,3,28,16,59,4
3/28/2025 5:55,765,5763,1085,1084,1379,2491,6876,-4,74,0,-1113,2025,3,28,5,55,4
3/27/2025 17:59,761,7158,1499,1077,1344,1281,6108,70,73,0,1049,2025,3,27,17,59,3
3/26/2025 22:30,767,6481,1674,1055,1373,981,5921,-3,67,0,559,2025,3,26,22,30,2
3/26/2025 8:25,762,6712,1529,979,1378,349,5425,335,66,0,1287,2025,3,26,8,25,2
3/25/2025 21:17,773,7067,2004,1071,1371,333,5628,-4,65,0,1439,2025,3,25,21,17,1
3/25/2025 8:02,771,6578,1663,1077,1362,784,6077,335,67,0,500,2025,3,25,8,2,1
3/24/2025 21:00,882,7505,1962,1145,1357,1090,6519,-2,59,0,985,2025,3,24,21,0,0
3/24/2025 10:17,822,6436,1426,1102,1295,186,5652,747,70,0,784,2025,3,24,10,17,0
3/23/2025 22:22,877,5975,1726,1023,1369,2082,7162,-4,66,0,-1187,2025,3,23,22,22,6
3/23/2025 11:29,828,4796,935,961,1373,2518,7443,762,64,0,-2647,2025,3,23,11,29,6
3/23/2025 1:39,804,5192,1030,997,1375,2244,6515,-4,67,0,-1322,2025,3,23,1,39,6
3/22/2025 15:30,822,5352,983,962,1358,2094,6860,572,63,0,-1507,2025,3,22,15,30,5
3/22/2025 4:46,892,5510,1419,1036,1373,605,5389,-4,66,0,121,2025,3,22,4,46,5
3/21/2025 16:16,798,5654,1430,1113,1360,146,5839,926,61,0,-185,2025,3,21,16,16,4
3/21/2025 4:25,890,5748,1590,1163,1375,182,5268,-4,69,0,480,2025,3,21,4,25,4
3/20/2025 16:37,864,6115,1400,1026,1303,62,5492,768,62,0,622,2025,3,20,16,37,3
3/20/2025 5:38,873,6184,1544,1169,1386,784,5813,-4,59,0,371,2025,3,20,5,38,3
3/19/2025 17:59,992,7267,1764,1190,1369,706,6207,102,63,0,1059,2025,3,19,17,59,2
3/19/2025 5:59,876,6375,1392,1177,1371,1054,5938,-4,70,0,437,2025,3,19,5,59,2
3/18/2025 20:30,958,8114,1674,1188,1367,1549,6805,-2,68,0,1309,2025,3,18,20,30,1
3/18/2025 9:08,866,7567,1370,1096,1374,2663,7946,487,71,0,-378,2025,3,18,9,8,1
3/17/2025 21:29,930,7470,1751,1210,1371,2000,7373,44,65,0,96,2025,3,17,21,29,0
3/17/2025 10:01,738,7140,1430,1185,1356,70,5183,332,59,0,1956,2025,3,17,10,1,0
3/16/2025 22:01,822,6034,1414,1372,1369,318,5367,-4,58,0,666,2025,3,16,22,1,6
3/16/2025 11:30,775,5035,899,967,1376,480,5023,470,53,0,11,2025,3,16,11,30,6
3/16/2025 0:38,800,5208,1176,1100,1374,1324,5830,-4,55,0,-622,2025,3,16,0,38,6
3/15/2025 12:16,783,5751,1438,1033,1369,1086,6255,488,54,0,-504,2025,3,15,12,16,5
3/15/2025 2:00,858,5373,1259,1190,1374,1065,5805,-3,57,0,-432,2025,3,15,2,0,5
3/14/2025 16:29,892,6377,1504,1428,1370,412,5959,297,54,0,417,2025,3,14,16,29,4
3/14/2025 1:30,769,5586,1105,1341,1380,1932,6588,-3,60,0,-1001,2025,3,14,1,30,4
3/13/2025 14:46,854,5931,901,1296,1326,2539,7726,729,64,0,-1794,2025,3,13,14,46,3
3/13/2025 4:00,856,5523,1051,1360,1385,1511,6220,-4,60,0,-697,2025,3,13,4,0,3
3/12/2025 16:38,825,6447,1433,1290,1368,548,5873,343,58,0,573,2025,3,12,16,38,2
3/12/2025 5:39,825,5766,1046,1315,1368,1498,6125,-4,59,0,-359,2025,3,12,5,39,2
3/11/2025 20:08,835,7681,1614,1308,1372,1824,7013,-3,55,0,667,2025,3,11,20,8,1
3/11/2025 6:38,825,6222,1225,1313,1377,330,5149,-2,58,0,1072,2025,3,11,6,38,1
3/10/2025 14:31,723,5717,1587,1282,1311,292,6322,1064,51,0,-605,2025,3,10,14,31,0
3/10/2025 1:46,588,5042,1039,1308,1373,136,4499,-4,55,0,543,2025,3,10,1,46,0
3/9/2025 14:59,568,4059,700,967,1370,208,4683,802,62,0,-624,2025,3,9,14,59,6
3/9/2025 3:25,588,5214,1056,1154,1372,285,4516,-4,63,0,697,2025,3,9,3,25,6
3/8/2025 16:26,622,5349,1146,1008,1374,176,4955,552,64,0,393,2025,3,8,16,26,5
3/8/2025 4:59,589,5532,1104,1310,1378,204,4650,-4,66,0,881,2025,3,8,4,59,5
3/7/2025 18:18,883,7403,1605,1325,1368,219,5515,33,70,0,1888,2025,3,7,18,18,4
3/7/2025 6:16,899,6437,1191,1353,1378,14,4930,-3,74,0,1507,2025,3,7,6,16,4
3/6/2025 20:30,919,7793,1668,1394,1367,174,5613,-3,69,0,2179,2025,3,6,20,30,3
3/6/2025 7:40,913,7323,1434,1221,1376,516,5765,212,71,0,1557,2025,3,6,7,40,3
3/5/2025 21:01,1032,7742,1630,1361,1362,1001,6472,-3,66,0,1270,2025,3,5,21,1,2
3/5/2025 9:17,880,6738,1298,1274,1381,51,5974,1031,56,0,764,2025,3,5,9,17,2
3/4/2025 22:38,934,6935,1559,1412,1369,477,5816,-4,67,0,1119,2025,3,4,22,38,1
3/4/2025 10:26,867,6468,1366,1364,1306,15,6283,1306,54,0,184,2025,3,4,10,26,1
3/3/2025 22:24,898,7166,1740,1302,1366,24,5400,-3,71,0,1765,2025,3,3,22,24,0
3/3/2025 7:39,979,7511,1465,1417,1378,649,6071,86,70,0,1439,2025,3,3,7,39,0
3/2/2025 21:59,955,6658,1321,1558,1377,727,6029,-4,71,0,628,2025,3,2,21,59,6
3/2/2025 11:30,869,5657,1058,1503,1381,476,5934,575,70,0,-276,2025,3,2,11,30,6
3/2/2025 1:14,982,5699,1269,1606,1377,259,5586,-4,73,0,113,2025,3,2,1,14,6
3/1/2025 13:59,931,6878,1191,1551,1382,650,6107,303,72,0,770,2025,3,1,13,59,5
3/1/2025 4:25,915,5873,1306,1543,1372,441,5646,-4,70,0,226,2025,3,1,4,25,5
2/28/2025 18:00,1080,8225,1513,1546,1362,871,6456,-1,72,0,1769,2025,2,28,18,0,4
2/28/2025 5:37,985,6305,967,1527,1376,1496,6423,-4,74,0,-118,2025,2,28,5,37,4
2/27/2025 18:24,1074,8357,1564,1627,1366,1222,6948,0,74,0,1409,2025,2,27,18,24,3
2/27/2025 8:28,991,8105,1292,1577,1381,1653,7191,189,75,0,914,2025,2,27,8,28,3
2/26/2025 22:17,1296,7334,1341,1560,1373,1474,7115,-3,72,0,219,2025,2,26,22,17,2
2/26/2025 9:21,1170,7816,1302,1571,1379,315,6556,726,72,0,1260,2025,2,26,9,21,2
2/25/2025 21:47,1212,7854,1484,1484,1371,102,5718,-3,67,0,2136,2025,2,25,21,47,1
2/25/2025 5:39,1135,6664,1039,1132,1371,260,5007,-3,70,0,1657,2025,2,25,5,39,1
2/24/2025 15:27,1292,7201,1080,1084,1346,399,6144,871,68,0,1057,2025,2,24,15,27,0
2/24/2025 2:17,1148,5812,936,1095,1377,681,5302,-4,68,0,509,2025,2,24,2,17,0
2/23/2025 12:29,1148,5354,986,929,1376,83,5660,1060,70,0,-306,2025,2,23,12,29,6
2/23/2025 0:30,1196,6439,1069,1592,1374,374,5674,-3,70,0,764,2025,2,23,0,30,6
2/22/2025 12:27,1136,6205,953,1557,1372,91,6236,1050,75,0,-31,2025,2,22,12,27,5
2/21/2025 16:47,1329,7816,1206,1513,1359,1288,7069,295,72,0,747,2025,2,21,16,47,4
2/21/2025 4:25,1428,6513,1077,1597,1382,792,6350,-4,74,0,162,2025,2,21,4,25,4
2/20/2025 16:09,1311,7679,1134,1435,1313,755,6456,433,72,0,1223,2025,2,20,16,9,3
2/20/2025 2:55,1339,6449,990,1475,1379,372,5624,-4,72,0,824,2025,2,20,2,55,3
2/19/2025 14:46,1328,7561,1313,1456,1319,285,6520,747,69,0,1040,2025,2,19,14,46,2
2/19/2025 1:29,1344,6450,1147,1595,1379,407,5942,-4,72,0,507,2025,2,19,1,29,2
2/18/2025 13:30,1318,8397,1283,1505,1376,696,6679,430,69,0,1717,2025,2,18,13,30,1
2/18/2025 1:38,1197,6492,955,1422,1371,1219,6231,-3,69,0,260,2025,2,18,1,38,1
2/17/2025 13:29,1174,8303,1243,1556,1353,1699,7591,475,67,0,712,2025,2,17,13,29,0
2/17/2025 1:25,1138,5894,878,1567,1390,1330,6371,-3,70,0,-476,2025,2,17,1,25,0
2/16/2025 15:01,1196,6581,1181,1559,1383,254,5854,207,71,0,726,2025,2,16,15,1,6
2/16/2025 4:08,1230,5721,1086,1494,1391,74,5347,-4,73,0,374,2025,2,16,4,8,6
2/12/2025 3:55,1109,6198,990,1590,1389,1023,6158,-3,60,0,39,2025,2,12,3,55,2
2/11/2025 15:09,1011,7012,1292,1328,1390,915,6884,887,57,0,128,2025,2,11,15,9,1
2/11/2025 3:38,1077,6252,1028,1657,1389,986,6193,-3,57,0,58,2025,2,11,3,38,1
2/10/2025 15:16,1037,7042,1312,1499,1368,333,6391,782,57,0,651,2025,2,10,15,16,0
2/10/2025 4:08,1150,5725,1086,1697,1381,491,5863,-1,57,0,-138,2025,2,10,4,8,0
2/9/2025 17:29,1152,6889,1194,1688,1383,497,5995,9,57,0,894,2025,2,9,17,29,6
2/9/2025 6:08,1085,5843,951,1422,1380,1520,6413,-3,56,0,-569,2025,2,9,6,8,6
2/8/2025 19:59,1304,8015,1378,1674,1364,1085,6894,-2,60,0,1121,2025,2,8,19,59,5
2/7/2025 22:22,1113,7334,1436,1651,1378,1113,6751,-2,59,0,582,2025,2,7,22,22,4
2/7/2025 10:08,1156,8063,1473,1657,1316,1690,7705,347,61,0,358,2025,2,7,10,8,4
2/7/2025 0:00,1028,6573,1162,1617,1376,1304,6546,-3,60,0,27,2025,2,7,0,0,4
2/6/2025 12:47,1159,7148,1133,1546,1341,1494,7474,725,60,0,-325,2025,2,6,12,47,3
2/6/2025 2:08,1094,6170,1021,1551,1376,1128,6231,-3,59,0,-60,2025,2,6,2,8,3
2/5/2025 15:59,1135,7787,1738,1651,1357,1176,7301,181,59,0,486,2025,2,5,15,59,2
2/5/2025 3:29,1137,6035,990,1670,1371,454,5678,-2,55,0,357,2025,2,5,3,29,2
2/4/2025 17:39,1259,8208,1395,1685,1368,362,6159,7,59,0,2049,2025,2,4,17,39,1
2/4/2025 6:08,1018,6649,1049,1679,1368,871,6043,-2,58,0,605,2025,2,4,6,8,1
2/3/2025 20:30,1214,8173,1520,1732,1369,1102,7000,-1,61,0,1172,2025,2,3,20,30,0
2/3/2025 9:59,869,8107,1528,1835,1361,1175,7050,192,61,0,1056,2025,2,3,9,59,0
2/2/2025 23:40,790,5766,1119,1817,1367,547,5700,-2,59,0,66,2025,2,2,23,40,6
2/2/2025 13:25,977,5970,1029,1400,1369,241,5307,224,58,0,662,2025,2,2,13,25,6
2/1/2025 10:55,838,6805,1114,1738,1374,403,5808,280,59,0,996,2025,2,1,10,55,5
2/1/2025 1:00,825,5966,1139,1788,1386,129,5314,-2,56,0,651,2025,2,1,1,0,5
1/31/2025 14:29,906,7195,1413,1785,1379,29,5877,286,57,0,1317,2025,1,31,14,29,4
1/31/2025 2:25,797,5798,1064,1703,1382,45,5047,-3,57,0,751,2025,1,31,2,25,4
1/30/2025 16:39,831,7102,1350,1639,1387,82,5479,108,55,0,1622,2025,1,30,16,39,3
1/30/2025 5:30,775,5996,1024,1696,1383,333,5267,-2,56,0,728,2025,1,30,5,30,3
1/29/2025 19:59,885,8045,1541,1726,1378,227,5834,-1,56,0,2210,2025,1,29,19,59,2
1/29/2025 9:25,798,7593,1079,1655,1383,806,6130,323,58,0,1462,2025,1,29,9,25,2
1/28/2025 23:38,799,6293,1167,1755,1387,569,5731,-2,55,0,561,2025,1,28,23,38,1
1/28/2025 12:59,757,6320,1277,1634,1385,327,6281,845,53,0,38,2025,1,28,12,59,1
1/28/2025 3:08,753,5710,960,1745,1386,531,5432,-2,55,0,278,2025,1,28,3,8,1
1/27/2025 17:39,908,8044,1330,1665,1323,523,5825,-1,60,0,2218,2025,1,27,17,39,0
1/27/2025 6:16,745,6311,870,1631,1383,1467,6156,-2,54,0,155,2025,1,27,6,16,0
1/26/2025 20:46,795,6873,1159,1767,1377,1869,7023,-2,56,0,-149,2025,1,26,20,46,6
1/26/2025 10:56,812,5656,958,1764,1382,592,5938,374,55,0,-282,2025,1,26,10,56,6
1/26/2025 1:00,795,5702,1077,1769,1377,171,5244,-3,55,0,458,2025,1,26,1,0,6
1/25/2025 14:38,750,6134,777,1640,1384,959,6045,473,59,0,88,2025,1,25,14,38,5
1/25/2025 4:17,749,5329,802,1524,1383,1916,6429,-2,57,0,-1100,2025,1,25,4,17,5
1/24/2025 17:55,1273,7849,1410,1659,1380,22,5805,-1,59,0,2043,2025,1,24,17,55,4
1/24/2025 6:16,1157,6109,1070,1528,1373,37,5222,-2,57,0,887,2025,1,24,6,16,4
1/23/2025 20:46,1121,7999,1552,1499,1371,150,5754,-1,59,0,2244,2025,1,23,20,46,3
1/23/2025 10:08,1127,7969,1335,1636,1332,144,6058,419,57,0,1911,2025,1,23,10,8,3
1/22/2025 17:30,1199,8490,1388,1582,1332,304,5879,-1,57,0,2610,2025,1,22,17,30,2
1/22/2025 6:59,1211,7289,1167,1643,1388,164,5631,-1,57,0,1657,2025,1,22,6,59,2
1/21/2025 21:29,1177,7935,1492,1646,1382,600,6355,-1,58,0,1579,2025,1,21,21,29,1
1/21/2025 9:52,1193,8488,1411,1735,1330,114,6017,152,61,0,2470,2025,1,21,9,52,1
1/20/2025 22:47,1132,7091,1455,1621,1372,69,5701,-2,55,0,1390,2025,1,20,22,47,0
1/20/2025 12:18,971,7551,1340,1676,1356,18,6038,606,52,0,1512,2025,1,20,12,18,0
1/20/2025 0:46,881,5789,1100,1671,1379,305,5386,-2,51,0,402,2025,1,20,0,46,0
1/19/2025 13:56,949,5920,1171,1710,1386,480,6230,480,51,0,-310,2025,1,19,13,56,6
1/19/2025 3:59,866,5643,979,1808,1388,1695,6807,-3,52,0,-1163,2025,1,19,3,59,6
1/18/2025 13:47,937,6860,1040,1805,1385,1182,6880,474,55,0,-20,2025,1,18,13,47,5
1/18/2025 3:55,869,6147,1038,1827,1382,1089,6266,-3,57,0,-118,2025,1,18,3,55,5
1/17/2025 17:29,1270,8605,1256,1820,1370,1789,7565,0,55,0,1039,2025,1,17,17,29,4
1/17/2025 7:38,1293,8078,1224,1852,1386,1465,7277,-2,54,0,800,2025,1,17,7,38,4
1/16/2025 22:08,1189,7693,1423,1856,1375,831,6727,-3,55,0,966,2025,1,16,22,8,3
1/16/2025 12:22,1283,7393,1292,1843,1300,250,6846,794,54,0,546,2025,1,16,12,22,3
1/16/2025 2:30,1149,6378,1047,1846,1385,408,5888,-2,49,0,489,2025,1,16,2,30,3
1/15/2025 16:38,1158,8209,1380,1764,1359,185,5911,37,49,0,2298,2025,1,15,16,38,2
1/15/2025 5:55,1027,6661,1064,1779,1381,342,5651,-2,52,0,1010,2025,1,15,5,55,2
1/14/2025 20:08,1050,8548,1555,1848,1365,39,5920,-1,55,0,2628,2025,1,14,20,8,1
1/14/2025 9:33,1207,8325,1419,1892,1313,485,6602,202,52,0,1722,2025,1,14,9,33,1
1/13/2025 23:00,913,6866,1348,1713,1371,1395,6795,-2,52,0,71,2025,1,13,23,0,0
1/13/2025 13:00,860,7518,1298,1610,1370,1149,6898,542,53,0,620,2025,1,13,13,0,0
1/13/2025 3:00,778,5366,979,1647,1384,662,5499,-3,49,0,-132,2025,1,13,3,0,0
1/12/2025 15:55,841,6355,1077,1688,1383,233,5422,138,49,0,932,2025,1,12,15,55,6
1/12/2025 5:17,809,5475,1028,1661,1383,36,4965,-3,50,0,509,2025,1,12,5,17,6
1/11/2025 19:47,876,7589,1371,1658,1384,208,5561,-2,52,0,2028,2025,1,11,19,47,5
1/11/2025 9:16,810,6802,1137,1650,1380,208,5328,90,49,0,1474,2025,1,11,9,16,5
1/10/2025 23:47,752,6189,992,1550,1376,2118,6839,-2,50,0,-650,2025,1,10,23,47,4
1/10/2025 13:25,738,7019,1176,1410,1356,582,5664,353,47,0,1355,2025,1,10,13,25,4
1/10/2025 3:29,724,5591,1043,1600,1384,683,5482,-3,49,0,108,2025,1,10,3,29,4
1/9/2025 17:56,837,7881,1398,1610,1371,916,6205,-1,44,0,1676,2025,1,9,17,56,3
1/9/2025 7:48,805,7331,1243,1700,1385,495,5687,0,40,0,1643,2025,1,9,7,48,3
1/8/2025 21:17,815,7254,1432,1707,1379,1357,6743,-2,47,0,511,2025,1,8,21,17,2
1/8/2025 11:38,561,6890,983,1571,1372,770,5918,615,42,0,971,2025,1,8,11,38,2
1/8/2025 0:29,544,5338,997,1665,1380,883,5510,-2,42,0,-172,2025,1,8,0,29,2
1/7/2025 14:30,579,6000,1184,1750,1364,357,5462,182,43,0,538,2025,1,7,14,30,1
1/7/2025 4:38,550,5071,697,1661,1393,646,4988,-2,41,0,83,2025,1,7,4,38,1
1/6/2025 18:08,772,7079,1311,1739,1389,1149,6420,-2,46,0,658,2025,1,6,18,8,0
1/6/2025 7:30,625,5874,1062,1580,1391,1300,6014,-3,43,0,-140,2025,1,6,7,30,0
1/5/2025 21:47,744,6498,1167,1672,1391,1214,6233,-3,46,0,265,2025,1,5,21,47,6
1/5/2025 8:30,684,5889,830,1627,1391,474,5093,30,45,0,795,2025,1,5,8,30,6
1/4/2025 22:55,757,6376,1131,1665,1390,242,5228,-3,44,0,1147,2025,1,4,22,55,5
1/4/2025 7:47,722,5862,1051,1634,1387,169,5004,-3,39,0,858,2025,1,4,7,47,5
1/3/2025 22:18,717,6425,1479,1559,1377,609,5794,-2,40,0,630,2025,1,3,22,18,4
1/3/2025 12:16,719,6710,1048,1388,1343,1643,6370,184,42,0,339,2025,1,3,12,16,4
1/3/2025 1:29,708,5093,840,1569,1389,2058,6622,-3,36,0,-1529,2025,1,3,1,29,4
1/2/2025 16:00,738,5807,1171,1473,1390,1393,6319,92,38,0,-511,2025,1,2,16,0,3
1/2/2025 5:59,720,4984,857,1601,1394,1479,6087,-3,36,0,-1102,2025,1,2,5,59,3
1/1/2025 20:29,748,6069,1195,1607,1387,1662,6638,-3,37,0,-569,2025,1,1,20,29,2
1/1/2025 10:47,691,4443,775,1523,1387,935,5778,409,39,0,-1334,2025,1,1,10,47,2
1/1/2025 0:55,732,5727,834,1599,1386,694,5282,-2,37,0,445,2025,1,1,0,55,2
12/31/2024 14:08,740,6507,1255,1503,1316,314,5431,262,39,0,1075,2024,12,31,14,8,1
12/31/2024 4:08,752,5167,986,1430,1385,25,4615,-3,39,0,551,2024,12,31,4,8,1
12/30/2024 17:08,762,7654,1559,1555,1352,-7,5266,-2,42,0,2387,2024,12,30,17,8,0
12/30/2024 6:30,714,5638,1043,1352,1383,3,4534,-3,41,0,1103,2024,12,30,6,30,0
12/29/2024 20:55,748,6794,1242,1454,1379,-17,4846,-2,42,0,1947,2024,12,29,20,55,6
12/29/2024 10:17,733,6164,1241,1367,1384,-10,4852,93,41,0,1311,2024,12,29,10,17,6
12/29/2024 0:47,745,5487,1095,1406,1381,405,5070,-3,39,0,416,2024,12,29,0,47,6
12/28/2024 14:25,751,6822,1383,755,1337,875,5276,132,41,0,1545,2024,12,28,14,25,5
12/28/2024 4:08,750,5132,1209,737,1384,896,5011,-3,37,0,120,2024,12,28,4,8,5
12/27/2024 15:29,691,6641,1420,1504,1379,1124,6204,50,32,0,436,2024,12,27,15,29,4
12/27/2024 5:55,743,5142,1097,1529,1378,1303,6080,-3,31,0,-938,2024,12,27,5,55,4
12/26/2024 20:08,748,6391,1452,1499,1379,2375,7487,-3,30,0,-1096,2024,12,26,20,8,3
12/26/2024 10:25,638,5570,1391,1544,1378,2619,7776,153,30,0,-2205,2024,12,26,10,25,3
12/26/2024 0:55,628,5121,986,1506,1380,2664,7194,-2,29,0,-2073,2024,12,26,0,55,3
12/25/2024 15:25,644,5435,1004,1560,1377,2660,7345,68,29,0,-1909,2024,12,25,15,25,2
12/25/2024 5:46,649,4914,841,1498,1378,2703,7120,-2,31,0,-2205,2024,12,25,5,46,2
12/24/2024 19:29,584,7149,1255,1391,1377,2393,7039,-2,37,0,110,2024,12,24,19,29,1
12/24/2024 10:00,653,7227,1335,1633,1354,2216,7279,18,37,0,-52,2024,12,24,10,0,1
12/24/2024 0:00,659,6138,1283,1586,1367,1783,6719,-3,42,0,-581,2024,12,24,0,0,1
12/23/2024 13:38,672,7107,1402,1654,1325,558,6013,354,45,0,1093,2024,12,23,13,38,0
12/23/2024 2:30,666,5435,1054,1515,1384,286,4944,-3,40,0,491,2024,12,23,2,30,0
12/22/2024 15:25,743,6428,1145,1529,1383,488,5477,147,39,0,951,2024,12,22,15,25,6
12/22/2024 5:08,755,5517,794,1582,1382,1934,6485,-3,38,0,-968,2024,12,22,5,8,6
12/21/2024 19:08,760,7812,1266,1650,1377,2577,7687,-2,43,0,125,2024,12,21,19,8,5
12/21/2024 8:38,722,6851,1056,1462,1385,2217,6894,7,43,0,-42,2024,12,21,8,38,5
12/20/2024 21:55,882,7210,1438,1672,1374,317,5728,-2,44,0,1481,2024,12,20,21,55,4
12/20/2024 10:08,796,7668,1318,1776,1341,305,5838,249,42,0,1829,2024,12,20,10,8,4
12/19/2024 23:29,807,6598,1242,1699,1376,726,5904,-2,42,0,693,2024,12,19,23,29,3
12/19/2024 12:17,776,6824,1262,1664,1346,108,5818,622,37,0,1005,2024,12,19,12,17,3
12/19/2024 1:55,807,6022,1174,1707,1378,185,5293,-3,42,0,728,2024,12,19,1,55,3
12/18/2024 16:25,845,7983,1418,1724,1343,56,5454,18,44,0,2528,2024,12,18,16,25,2
12/18/2024 5:56,819,6213,1171,1809,1380,472,5694,-2,42,0,519,2024,12,18,5,56,2
12/17/2024 20:08,863,8068,1413,1727,1376,1465,6903,-2,48,0,1164,2024,12,17,20,8,1
12/17/2024 9:17,777,8196,1277,1769,1373,1631,7030,141,49,0,1166,2024,12,17,9,17,1
12/16/2024 19:38,693,8411,1393,1826,1365,2411,7756,-2,49,0,655,2024,12,16,19,38,0
12/16/2024 9:47,643,8314,1217,1703,1346,1656,6918,297,48,0,1406,2024,12,16,9,47,0
12/15/2024 10:57,752,6230,1007,1377,1380,1676,6564,326,43,0,-334,2024,12,15,10,57,6
12/15/2024 0:17,815,6083,1216,1707,1380,1352,6538,-2,42,0,-454,2024,12,15,0,17,6
12/14/2024 13:59,800,7050,1073,1722,1380,2204,7519,263,45,0,-468,2024,12,14,13,59,5
12/14/2024 3:38,802,6015,1162,1742,1373,105,5228,-2,44,0,786,2024,12,14,3,38,5
12/13/2024 17:30,801,8597,1421,1779,1365,614,6029,0,47,0,2568,2024,12,13,17,30,4
12/13/2024 7:18,830,7677,1327,1803,1381,570,5969,-2,49,0,1708,2024,12,13,7,18,4
12/12/2024 21:30,812,7739,1451,1773,1364,473,5922,-2,49,0,1817,2024,12,12,21,30,3
12/12/2024 10:17,793,8031,1310,1687,1372,1030,6550,312,41,0,1480,2024,12,12,10,17,3
12/11/2024 23:25,808,6719,1269,1751,1377,531,5780,-2,39,0,938,2024,12,11,23,25,2
12/11/2024 9:38,797,8505,1333,1840,1385,587,6056,53,42,0,2449,2024,12,11,9,38,2
12/10/2024 23:47,799,6459,1264,1680,1380,551,5716,-2,41,0,742,2024,12,10,23,47,1
12/10/2024 12:55,811,8396,1264,1733,1362,1479,6777,84,42,0,1618,2024,12,10,12,55,1
12/10/2024 2:09,773,5860,1188,1598,1377,141,5117,-3,38,0,743,2024,12,10,2,9,1
12/9/2024 15:47,875,8066,1342,1563,1368,968,6205,45,41,0,1861,2024,12,9,15,47,0
12/9/2024 5:00,869,5597,894,1521,1384,1569,6266,-2,29,0,-668,2024,12,9,5,0,0
12/8/2024 16:47,920,7072,1412,1321,1387,276,5365,0,36,0,1707,2024,12,8,16,47,6
12/8/2024 6:59,860,5823,1076,1253,1386,755,5379,-3,36,0,444,2024,12,8,6,59,6
12/7/2024 21:16,888,7241,1280,1270,1382,1060,5921,-2,40,0,1320,2024,12,7,21,16,5
12/7/2024 10:55,940,7541,1177,1265,1384,1678,6549,63,38,0,991,2024,12,7,10,55,5
12/7/2024 1:09,814,6074,1131,1526,1380,1439,6330,-2,40,0,-256,2024,12,7,1,9,5
12/6/2024 8:29,886,8187,1329,1494,1381,848,6003,0,47,0,2184,2024,12,6,8,29,4
12/5/2024 23:00,881,7002,1333,1496,1375,477,5605,-3,44,0,1396,2024,12,5,23,0,3
12/5/2024 11:50,877,8501,1353,1481,1356,308,5583,161,45,0,2917,2024,12,5,11,50,3
12/4/2024 22:26,828,7271,1385,1548,1375,384,5577,-3,44,0,1694,2024,12,4,22,26,2
12/4/2024 10:02,879,8532,1354,1566,1321,358,5610,59,45,0,2921,2024,12,4,10,2,2
12/3/2024 23:16,1036,6587,1254,1430,1374,245,5382,-3,42,0,1204,2024,12,3,23,16,1
12/3/2024 11:30,859,8245,1419,1597,1324,95,5568,222,44,0,2676,2024,12,3,11,30,1
12/2/2024 23:25,834,6537,1230,1455,1369,330,5283,-3,42,0,1254,2024,12,2,23,25,0
12/2/2024 11:46,832,8111,1285,1547,1371,1048,6349,218,45,0,1762,2024,12,2,11,46,0
12/2/2024 2:00,811,5341,1030,1484,1368,1172,5904,-4,40,0,-585,2024,12,2,2,0,0
12/1/2024 15:38,821,6211,1036,1453,1374,1544,6359,85,44,0,-147,2024,12,1,15,38,6
12/1/2024 6:08,820,5542,963,1458,1372,1731,6384,-3,41,0,-842,2024,12,1,6,8,6
11/30/2024 18:08,839,7332,1085,1424,1366,1968,6749,-2,45,0,582,2024,11,30,18,8,5
11/30/2024 7:30,787,6172,1043,1495,1370,448,5186,-2,42,0,986,2024,11,30,7,30,5
11/29/2024 21:55,885,7407,1321,1410,1362,292,5309,-2,40,0,2098,2024,11,29,21,55,4
11/29/2024 12:00,898,8202,1247,1453,1296,1030,6097,136,36,0,2104,2024,11,29,12,0,4
11/29/2024 0:08,828,6255,1077,1548,1361,1170,6029,-3,36,0,226,2024,11,29,0,8,4
11/28/2024 11:59,870,7714,1213,1553,1352,131,5413,250,40,0,2301,2024,11,28,11,59,3
11/28/2024 1:38,817,5898,1079,1472,1387,257,5051,-2,38,0,846,2024,11,28,1,38,3
11/27/2024 14:30,1011,7758,1183,1551,1374,171,5729,395,41,0,2028,2024,11,27,14,30,2
11/27/2024 2:30,906,5768,1030,1547,1393,115,5031,-3,38,0,736,2024,11,27,2,30,2
11/26/2024 15:38,993,7735,1308,1580,1362,156,5619,173,43,0,2116,2024,11,26,15,38,1
11/26/2024 4:55,850,5920,1045,1645,1385,117,5080,-3,40,0,839,2024,11,26,4,55,1
11/25/2024 16:00,876,7770,1355,1746,1381,32,5500,63,43,0,2270,2024,11,25,16,0,0
11/25/2024 4:38,700,5427,703,1617,1380,216,4653,-3,38,0,773,2024,11,25,4,38,0
11/24/2024 18:51,822,7139,1190,1645,1382,325,5424,-2,41,0,1715,2024,11,24,18,51,6
11/24/2024 7:08,819,5963,1050,1570,1381,478,5358,-2,36,0,604,2024,11,24,7,8,6
11/23/2024 21:38,824,7132,1168,1633,1375,1512,6553,-2,40,0,578,2024,11,23,21,38,5
11/23/2024 10:08,858,7142,1212,1621,1364,1617,6986,246,39,0,156,2024,11,23,10,8,5
11/23/2024 0:15,869,6337,923,1697,1370,2368,7298,-1,36,0,-960,2024,11,23,0,15,5
11/22/2024 14:20,866,8138,1257,1716,1353,2605,7948,109,39,0,189,2024,11,22,14,20,4
11/22/2024 3:29,843,5902,1234,1707,1384,432,5641,-3,36,0,261,2024,11,22,3,29,4
11/21/2024 16:08,841,7615,1272,1435,1339,458,5468,82,38,0,2147,2024,11,21,16,8,3
11/21/2024 6:19,798,6483,1008,1482,1383,2242,6948,-2,36,0,-465,2024,11,21,6,19,3
11/20/2024 20:38,819,7893,1307,1499,1387,2269,7316,-2,35,0,576,2024,11,20,20,38,2
11/20/2024 10:08,810,7564,1123,1516,1377,1536,6858,445,39,0,706,2024,11,20,10,8,2
11/20/2024 0:38,968,6046,1024,1730,1387,1926,7071,-2,37,0,-1025,2024,11,20,0,38,2
11/19/2024 13:08,879,7026,1182,1470,1386,39,5699,701,37,0,1327,2024,11,19,13,8,1
11/19/2024 1:47,964,6034,1075,1463,1386,195,5118,-3,36,0,916,2024,11,19,1,47,1
11/18/2024 13:46,917,7254,1211,1469,1381,168,5832,645,37,0,1421,2024,11,18,13,46,0
11/18/2024 3:08,967,5391,1206,1559,1375,480,5622,-4,36,0,-231,2024,11,18,3,8,0
11/17/2024 15:38,962,5859,1073,1113,1360,401,5184,236,36,0,675,2024,11,17,15,38,6
11/17/2024 5:16,969,5455,1075,1592,1377,387,5438,-2,39,0,17,2024,11,17,5,16,6
11/16/2024 19:29,871,7483,1269,1594,1379,313,5467,-2,38,0,2015,2024,11,16,19,29,5
11/16/2024 3:31,958,5831,1047,1553,1377,863,5842,-3,38,0,-11,2024,11,16,3,31,5
11/15/2024 15:16,1047,7644,1280,1622,1353,303,5857,208,41,0,1787,2024,11,15,15,16,4
11/15/2024 5:47,1046,6178,1112,1583,1374,21,5175,-2,39,0,1002,2024,11,15,5,47,4
11/14/2024 19:34,765,8276,1586,1696,1361,16,5492,-1,45,0,2783,2024,11,14,19,34,3
11/14/2024 9:25,747,8162,1351,1721,1367,-18,5368,155,41,0,2794,2024,11,14,9,25,3
11/13/2024 23:39,935,6375,1146,1587,1370,295,5363,-2,29,0,1012,2024,11,13,23,39,2
11/13/2024 9:25,756,8071,1669,1635,1370,161,5739,93,33,0,2332,2024,11,13,9,25,2
11/12/2024 22:29,902,7028,1295,1644,1371,160,5418,-2,43,0,1610,2024,11,12,22,29,1
11/12/2024 11:25,936,8195,2119,1708,1344,423,6763,186,42,0,1432,2024,11,12,11,25,1
11/11/2024 13:30,888,7983,1694,1683,1327,896,6780,246,43,0,1203,2024,11,11,13,30,0
11/11/2024 3:08,806,5201,1079,1634,1384,1894,6843,-3,41,0,-1642,2024,11,11,3,8,0
11/10/2024 17:08,890,6878,1049,1274,1383,2133,6777,-2,41,0,101,2024,11,10,17,8,6
11/10/2024 6:59,871,5501,999,1598,1385,1410,6308,-1,41,0,-806,2024,11,10,6,59,6
11/9/2024 21:17,891,6967,1202,1566,1380,1999,7088,-1,40,0,-120,2024,11,9,21,17,5
11/9/2024 11:29,851,6528,1377,1601,1376,1558,7233,422,40,0,-704,2024,11,9,11,29,5
11/9/2024 1:08,905,5684,1039,1538,1383,1626,6529,-2,38,0,-844,2024,11,9,1,8,5
11/8/2024 14:17,809,6161,1006,1555,1344,110,5769,894,46,0,392,2024,11,8,14,17,4
11/8/2024 4:08,802,5739,1131,1633,1381,63,5057,-3,48,0,681,2024,11,8,4,8,4
11/7/2024 17:30,797,7886,1494,1640,1343,149,5496,0,51,0,2389,2024,11,7,17,30,3
11/7/2024 6:08,744,6512,1067,1604,1379,40,4878,-3,46,0,1633,2024,11,7,6,8,3
11/6/2024 19:59,771,8013,1606,1659,1379,15,5484,-1,49,0,2528,2024,11,6,19,59,2
11/6/2024 8:38,788,7296,1206,1572,1372,63,5491,441,48,0,1805,2024,11,6,8,38,2
11/5/2024 21:55,768,7046,1554,1382,1363,89,5200,-2,43,0,1845,2024,11,5,21,55,1
11/5/2024 10:30,717,6555,1091,1079,1323,261,5375,855,43,0,1180,2024,11,5,10,30,1
11/5/2024 0:08,769,5926,1140,1051,1364,1683,6055,-2,43,0,-129,2024,11,5,0,8,1
11/4/2024 13:56,726,6553,1159,1020,1329,1061,6092,750,44,0,460,2024,11,4,13,56,0
11/3/2024 22:00,857,6226,1324,1044,1371,247,4889,-1,44,0,1337,2024,11,3,22,0,6
11/3/2024 10:00,808,5224,1067,638,1373,508,4757,311,43,0,467,2024,11,3,10,0,6
11/3/2024 0:17,840,5369,1151,1065,1374,2382,6855,-2,44,0,-1485,2024,11,3,0,17,6
11/2/2024 13:38,759,5419,908,992,1403,665,5432,660,43,0,-12,2024,11,2,13,38,5
11/2/2024 4:08,760,5338,950,1005,1364,1507,5640,-2,54,0,-301,2024,11,2,4,8,5
11/1/2024 17:00,911,6953,1358,986,1350,1109,5783,8,52,0,1169,2024,11,1,17,0,4
11/1/2024 6:25,907,5967,1177,1032,1379,251,4803,-3,50,0,1164,2024,11,1,6,25,4
10/31/2024 20:25,871,7439,1660,1034,1367,-10,4978,-2,54,0,2460,2024,10,31,20,25,3
10/31/2024 9:25,1000,6947,1439,1095,1381,71,5505,441,51,0,1442,2024,10,31,9,25,3
10/30/2024 22:17,976,6628,1617,1045,1378,17,5087,-2,54,0,1540,2024,10,30,22,17,2
10/30/2024 11:47,1003,6448,1216,1091,1340,-10,5455,764,49,0,993,2024,10,30,11,47,2
10/30/2024 1:38,981,5433,1057,1076,1382,16,4577,-3,55,0,855,2024,10,30,1,38,2
10/29/2024 15:30,1012,6595,1138,1050,1332,141,5088,346,51,0,1506,2024,10,29,15,30,1
10/29/2024 4:47,990,5418,1013,1056,1381,784,5276,-3,52,0,142,2024,10,29,4,47,1
10/28/2024 18:55,954,7806,1840,1152,1368,360,5733,-2,55,0,2072,2024,10,28,18,55,0
10/28/2024 7:29,779,6601,1351,1091,1385,695,5390,41,45,0,1211,2024,10,28,7,29,0
10/27/2024 22:00,761,5939,1554,1025,1387,1273,6046,-2,46,0,-106,2024,10,27,22,0,6
10/27/2024 11:47,785,4326,1042,1055,1388,440,5553,791,49,0,-1227,2024,10,27,11,47,6
10/27/2024 2:55,802,5138,976,1103,1388,417,4733,-2,47,0,405,2024,10,27,2,55,6
10/26/2024 16:59,784,5570,1055,1018,1380,77,4690,320,52,0,879,2024,10,26,16,59,5
10/26/2024 7:30,819,6057,1648,1172,1383,20,5104,-2,55,0,953,2024,10,26,7,30,5
10/25/2024 21:40,821,7256,1931,1163,1371,6,5348,-2,56,0,1907,2024,10,25,21,40,4
10/25/2024 10:29,793,6578,1498,1091,1361,33,5596,765,52,0,982,2024,10,25,10,29,4
10/24/2024 23:47,783,6067,1555,1084,1376,105,4959,-3,57,0,1108,2024,10,24,23,47,3
10/24/2024 11:17,785,6361,1391,1074,1358,434,5860,754,56,0,501,2024,10,24,11,17,3
10/24/2024 0:55,986,5662,1258,1023,1383,1220,5928,-3,58,0,-266,2024,10,24,0,55,3
10/23/2024 14:00,886,5305,898,914,1373,248,5520,1143,55,0,-215,2024,10,23,14,0,2
10/23/2024 4:08,964,5415,928,975,1386,476,4782,-3,54,0,633,2024,10,23,4,8,2
10/22/2024 15:55,766,5693,1182,942,1385,74,5306,901,53,0,387,2024,10,22,15,55,1
10/22/2024 4:38,799,5451,1127,1089,1379,54,4501,-3,52,0,950,2024,10,22,4,38,1
10/21/2024 16:39,674,6090,1207,1017,1355,27,4972,636,53,0,1117,2024,10,21,16,39,0
10/21/2024 5:25,608,5195,966,1015,1372,141,4152,-3,51,0,1043,2024,10,21,5,25,0
10/20/2024 18:18,606,5972,1861,1096,1371,100,5101,5,54,0,870,2024,10,20,18,18,6
10/20/2024 8:08,605,5409,1487,1062,1371,138,4755,25,55,0,654,2024,10,20,8,8,6
10/19/2024 21:24,610,6763,1975,1101,1363,231,5337,-2,57,0,1425,2024,10,19,21,24,5
10/19/2024 9:26,585,5852,1543,1060,1351,371,5402,421,57,0,450,2024,10,19,9,26,5
10/18/2024 23:55,731,5825,1881,1086,1365,334,5449,-2,53,0,376,2024,10,18,23,55,4
10/18/2024 12:30,773,5466,1118,912,1344,476,5888,1201,52,0,-421,2024,10,18,12,30,4
10/18/2024 2:00,837,5407,1370,1056,1366,756,5444,-2,53,0,-36,2024,10,18,2,0,4
10/17/2024 16:00,749,5765,1280,920,1336,1566,6749,842,53,0,-983,2024,10,17,16,0,3
10/17/2024 5:29,777,5420,992,989,1374,1510,5696,-2,51,0,-276,2024,10,17,5,29,3
10/16/2024 19:47,834,7589,2271,1096,1328,876,6479,-1,53,0,1109,2024,10,16,19,47,2
10/16/2024 10:00,734,6919,2296,1035,1158,1184,6712,249,52,0,207,2024,10,16,10,0,2
10/15/2024 23:55,780,5708,1855,991,998,1036,5703,-2,51,0,5,2024,10,15,23,55,1
10/15/2024 14:00,696,5974,1577,947,679,70,4883,860,51,0,1090,2024,10,15,14,0,1
10/15/2024 3:30,733,5079,1319,999,684,60,3844,-3,50,0,1235,2024,10,15,3,30,1
10/14/2024 16:59,671,5682,1342,965,685,-2,4242,530,48,0,1440,2024,10,14,16,59,0
10/14/2024 7:30,684,6171,1894,1023,697,700,5070,1,51,0,1101,2024,10,14,7,30,0
10/13/2024 22:00,632,5833,1761,930,702,491,4565,-1,48,0,1268,2024,10,13,22,0,6
10/13/2024 11:10,712,4504,991,922,703,147,4068,524,51,0,436,2024,10,13,11,10,6
10/13/2024 0:38,722,5044,1127,959,705,1442,5006,-2,50,0,38,2024,10,13,0,38,6
10/12/2024 15:00,714,5319,1377,904,705,1902,6008,366,51,0,-689,2024,10,12,15,0,5
10/12/2024 5:30,723,4985,1185,912,704,1934,5514,-2,55,0,-528,2024,10,12,5,30,5
10/11/2024 20:01,765,7291,2095,1484,703,180,5296,-2,56,0,1994,2024,10,11,20,1,4
10/11/2024 9:59,830,6527,1743,1337,688,113,5098,328,55,0,1429,2024,10,11,9,59,4
10/11/2024 0:30,834,5530,1302,1401,924,211,4725,-2,54,0,805,2024,10,11,0,30,4
10/10/2024 14:25,790,5466,1216,1274,1355,291,6063,1079,55,0,-596,2024,10,10,14,25,3
10/10/2024 4:55,825,5244,1021,1271,1393,1176,5773,32,52,0,-528,2024,10,10,4,55,3
10/9/2024 18:47,843,6884,1731,1356,1379,684,6061,0,55,0,822,2024,10,9,18,47,2
10/9/2024 8:38,831,6656,1664,1345,1384,1583,7024,150,50,0,-368,2024,10,9,8,38,2
10/8/2024 23:00,716,5961,1318,1279,1386,1364,6114,-2,52,0,-153,2024,10,8,23,0,1
10/8/2024 12:47,715,5259,1230,1142,1374,239,5897,1142,52,0,-638,2024,10,8,12,47,1
10/8/2024 2:46,850,5109,1162,1442,1383,246,5135,-1,52,0,-25,2024,10,8,2,46,1
10/7/2024 15:47,757,5651,1222,878,1351,202,5059,596,51,0,591,2024,10,7,15,47,0
10/7/2024 5:40,804,4860,1513,812,1381,1262,5827,-3,42,0,-966,2024,10,7,5,40,0
10/6/2024 20:03,848,6447,1859,1016,1381,174,5345,-3,46,0,1101,2024,10,6,20,3,6
10/6/2024 10:08,789,5047,1385,910,1376,70,4817,239,46,0,230,2024,10,6,10,8,6
10/6/2024 0:30,797,5140,1400,1338,1378,213,5174,-3,48,0,-33,2024,10,6,0,30,6
10/5/2024 14:47,792,5790,1606,1284,1377,3,5365,245,55,0,425,2024,10,5,14,47,5
10/5/2024 5:18,840,5053,1311,1363,1372,99,5036,-3,53,0,17,2024,10,5,5,18,5
10/4/2024 19:39,666,7216,2053,1481,1368,712,6362,-3,58,0,853,2024,10,4,19,39,4
10/4/2024 10:09,886,6636,1777,1356,1303,1212,6966,375,54,0,-329,2024,10,4,10,9,4
10/4/2024 0:30,821,5408,1341,1386,1382,1521,6511,-2,53,0,-1102,2024,10,4,0,30,4
10/3/2024 14:30,765,5638,1273,1206,1315,924,6450,913,52,0,-812,2024,10,3,14,30,3
10/3/2024 5:00,837,5269,1273,1347,1375,644,5528,-3,52,0,-259,2024,10,3,5,0,3
10/2/2024 19:08,852,7073,1753,1336,1359,80,5441,-1,54,0,1632,2024,10,2,19,8,2
10/2/2024 7:39,853,6568,1627,1368,1373,1620,6920,13,53,0,-352,2024,10,2,7,39,2
10/1/2024 22:08,860,6331,1819,1371,1377,2401,7880,-3,53,0,-1548,2024,10,1,22,8,1
10/1/2024 12:38,738,5576,1139,794,1348,2601,7530,852,55,0,-1953,2024,10,1,12,38,1
10/1/2024 3:08,830,4935,901,875,1368,2523,6550,-2,53,0,-1615,2024,10,1,3,8,1
9/30/2024 16:48,974,6414,2110,1069,1426,1631,7705,445,40,0,-1291,2024,9,30,16,48,0
9/30/2024 7:16,837,6002,1733,902,1374,2534,7444,-3,53,0,-1441,2024,9,30,7,16,0
9/29/2024 21:47,698,5877,1816,859,1369,2170,6960,-3,49,0,-1083,2024,9,29,21,47,6
9/29/2024 10:55,767,5333,1560,864,1370,396,5250,233,50,0,83,2024,9,29,10,55,6
9/29/2024 0:56,751,5019,1464,918,1370,600,5157,-3,49,0,-138,2024,9,29,0,56,6
9/28/2024 14:30,684,4755,846,802,1370,568,5312,985,52,0,-557,2024,9,28,14,30,5
9/28/2024 4:26,716,4997,961,897,1362,1164,5155,-2,55,0,-158,2024,9,28,4,26,5
9/27/2024 16:56,768,5998,1356,868,1351,1477,6555,650,54,0,-556,2024,9,27,16,56,4
9/27/2024 6:30,844,5709,1320,852,1370,706,5152,-3,53,0,557,2024,9,27,6,30,4
9/26/2024 20:54,831,7063,1518,1273,1352,1259,6310,0,57,0,752,2024,9,26,20,54,3
9/26/2024 9:26,942,6215,1394,1277,1363,302,5876,530,54,0,338,2024,9,26,9,26,3
9/25/2024 23:38,912,5610,1444,1271,1355,897,5931,-3,53,0,-320,2024,9,25,23,38,2
9/25/2024 12:19,837,5526,1178,1156,1314,187,5729,979,51,0,-203,2024,9,25,12,19,2
9/25/2024 2:29,851,5062,1100,1180,1366,286,4832,-3,49,0,230,2024,9,25,2,29,2
9/24/2024 15:08,719,5251,1134,1167,1363,312,5824,1075,52,0,-573,2024,9,24,15,8,1
9/24/2024 5:30,846,5096,1309,1309,1363,34,4918,-3,59,0,177,2024,9,24,5,30,1
9/23/2024 18:09,825,6320,1682,1252,1360,65,5470,230,53,0,849,2024,9,23,18,9,0
9/23/2024 8:30,689,6105,1557,1309,1364,402,5647,266,51,0,458,2024,9,23,8,30,0
9/22/2024 22:37,580,5275,1639,754,1357,196,4569,-3,46,0,705,2024,9,22,22,37,6
9/22/2024 9:56,401,4249,1222,441,1324,153,4209,620,45,0,40,2024,9,22,9,56,6
9/22/2024 0:07,720,4889,1463,945,1365,269,4806,-3,46,0,83,2024,9,22,0,7,6
9/21/2024 11:57,597,4274,1088,687,1358,564,5487,1142,48,0,-1212,2024,9,21,11,57,5
9/21/2024 2:08,748,4854,1278,848,1361,1154,5438,-3,50,0,-583,2024,9,21,2,8,5
9/20/2024 16:30,678,5340,1128,914,1357,1077,5903,693,53,0,-563,2024,9,20,16,30,4
9/20/2024 6:08,680,5392,1254,1310,1358,2018,6680,-3,51,0,-1288,2024,9,20,6,8,4
9/19/2024 20:00,775,7072,1834,1424,1358,1543,6985,-3,46,0,86,2024,9,19,20,0,3
9/19/2024 9:00,739,6372,1659,1408,1344,1177,6750,363,44,0,-377,2024,9,19,9,0,3
9/18/2024 23:08,731,5709,1614,1373,1357,703,5823,-3,44,0,-114,2024,9,18,23,8,2
9/18/2024 10:37,682,5988,1698,1322,1357,388,6047,532,46,0,-58,2024,9,18,10,37,2
9/18/2024 0:47,708,5114,1185,1356,1360,767,5424,-3,49,0,-309,2024,9,18,0,47,2
9/17/2024 12:39,639,5338,1045,1161,1322,439,5567,888,51,0,-229,2024,9,17,12,39,1
9/17/2024 2:30,640,4926,937,1315,1353,776,5068,-3,49,0,-142,2024,9,17,2,30,1
9/16/2024 15:55,676,5463,880,1049,1352,168,5047,866,51,0,415,2024,9,16,15,55,0
9/16/2024 6:25,696,5249,894,1149,1362,1226,5371,-3,44,0,-121,2024,9,16,6,25,0
9/15/2024 20:29,833,6114,1241,1142,1362,679,5315,-3,45,0,798,2024,9,15,20,29,6
9/15/2024 9:08,761,4549,637,659,1351,206,4113,459,37,0,435,2024,9,15,9,8,6
9/14/2024 23:38,831,4980,1112,777,1347,1289,5398,-3,42,0,-418,2024,9,14,23,38,5
9/14/2024 12:56,767,5420,829,727,1295,1663,5653,330,39,0,-233,2024,9,14,12,56,5
9/14/2024 3:16,837,5071,751,778,1356,1610,5379,-3,47,0,-307,2024,9,14,3,16,5
9/13/2024 17:08,792,6445,1100,1121,1352,1806,6391,173,44,0,54,2024,9,13,17,8,4
9/13/2024 7:38,858,6190,1187,1258,1351,90,4860,61,45,0,1329,2024,9,13,7,38,4
9/12/2024 22:08,832,6472,1535,1294,1344,58,5110,-3,42,0,1362,2024,9,12,22,8,3
9/12/2024 6:00,829,5480,1112,1111,1349,455,4908,1,42,0,572,2024,9,12,6,0,3
9/11/2024 19:25,851,6763,1493,1094,1328,32,4843,0,43,0,1920,2024,9,11,19,25,2
9/11/2024 9:47,815,6966,1147,1058,1333,669,5162,95,42,0,1804,2024,9,11,9,47,2
9/11/2024 0:08,838,5515,1137,1057,1333,280,4696,-3,43,0,819,2024,9,11,0,8,2
9/10/2024 12:47,791,6334,1139,961,1257,165,4833,470,40,0,1500,2024,9,10,12,47,1
9/10/2024 3:09,773,5078,868,1084,1347,119,4231,-3,41,0,846,2024,9,10,3,9,1
9/9/2024 16:17,662,6194,1077,1022,1289,94,4974,782,39,0,1219,2024,9,9,16,17,0
9/9/2024 6:08,650,5176,962,1101,1347,340,4438,-3,39,0,738,2024,9,9,6,8,0
9/8/2024 19:00,752,5632,1392,714,1350,308,4641,76,40,0,990,2024,9,8,19,0,6
9/8/2024 9:29,632,4300,680,571,1334,992,4930,681,37,0,-630,2024,9,8,9,29,6
9/8/2024 0:00,672,5200,1133,1118,1338,1107,5407,-3,40,0,-207,2024,9,8,0,0,6
9/7/2024 13:47,630,4643,543,695,1331,1526,5934,1159,48,0,-1290,2024,9,7,13,47,5
9/7/2024 4:16,710,5075,956,1094,1332,1203,5352,-2,56,0,-277,2024,9,7,4,16,5
9/6/2024 17:25,831,6331,1177,1026,1316,645,5465,412,54,0,866,2024,9,6,17,25,4
9/6/2024 6:00,948,5434,1119,1091,1327,622,5161,-2,55,0,272,2024,9,6,6,0,4
9/5/2024 18:17,862,6731,1191,1007,1323,1069,5779,264,54,0,952,2024,9,5,18,17,3
9/5/2024 8:31,909,6332,1167,1075,1341,571,5452,309,53,0,880,2024,9,5,8,31,3
9/4/2024 22:39,872,6345,1121,1076,1321,904,5348,0,52,0,997,2024,9,4,22,39,2
9/4/2024 12:46,799,5749,777,924,1312,1137,6179,1179,47,0,-430,2024,9,4,12,46,2
9/4/2024 1:59,890,5261,1063,1093,1334,272,4704,-2,52,0,556,2024,9,4,1,59,2
9/3/2024 14:56,756,6081,1017,928,1334,372,5568,1108,49,0,513,2024,9,3,14,56,1
9/3/2024 5:25,801,5229,1029,1023,1336,490,4729,-3,51,0,499,2024,9,3,5,25,1
9/2/2024 19:55,868,7176,1982,1158,1320,67,5460,-1,51,0,1715,2024,9,2,19,55,0
9/2/2024 10:26,725,5823,1058,952,1272,180,5127,888,50,0,695,2024,9,2,10,26,0
9/2/2024 0:55,779,4843,1051,1053,1334,266,4530,-2,47,0,312,2024,9,2,0,55,0
9/1/2024 14:59,762,4623,737,749,1324,346,4746,780,45,0,-123,2024,9,1,14,59,6
9/1/2024 5:30,919,4715,758,1029,1328,698,4778,-3,48,0,-63,2024,9,1,5,30,6
8/31/2024 19:00,889,6280,1688,1119,1327,339,5476,60,51,0,804,2024,8,31,19,0,5
8/31/2024 9:17,894,5469,1226,1108,1322,528,5535,400,50,0,-65,2024,8,31,9,17,5
8/30/2024 23:46,858,5795,1035,984,1323,822,5074,-3,53,0,720,2024,8,30,23,46,4
8/30/2024 7:47,1004,6308,1288,1140,1339,625,5523,50,54,0,785,2024,8,30,7,47,4
8/29/2024 22:07,922,6674,1215,982,1323,784,5286,-3,54,0,1388,2024,8,29,22,7,3
8/29/2024 11:25,847,6305,1128,1126,1283,884,5901,580,50,0,403,2024,8,29,11,25,3
8/29/2024 1:55,742,5476,806,1133,1050,653,4433,-3,51,0,1042,2024,8,29,1,55,3
8/28/2024 15:25,972,6590,972,1089,685,919,5335,644,48,0,1255,2024,8,28,15,25,2
8/28/2024 4:29,845,5285,901,1104,687,750,4342,-3,55,0,943,2024,8,28,4,29,2
8/27/2024 17:56,806,7013,1581,1242,680,345,4946,230,51,0,2067,2024,8,27,17,56,1
8/27/2024 6:55,741,5848,1188,1295,682,860,4823,2,51,0,1025,2024,8,27,6,55,1
8/26/2024 19:59,790,7538,1975,1277,678,819,5591,0,49,0,1946,2024,8,26,19,59,0
8/26/2024 10:29,706,6360,1056,1156,1326,565,5758,894,51,0,601,2024,8,26,10,29,0
8/25/2024 23:47,761,5615,1133,1001,1333,98,4374,-2,44,0,1240,2024,8,25,23,47,6
8/25/2024 12:55,632,4533,414,826,1333,649,5095,1194,44,0,-561,2024,8,25,12,55,6
8/25/2024 3:25,670,4818,797,946,1337,768,4565,-3,45,0,253,2024,8,25,3,25,6
8/24/2024 11:38,756,5066,634,1027,1275,248,5099,1113,43,0,-33,2024,8,24,11,38,5
8/24/2024 2:08,896,5341,1040,1257,1328,121,4693,-1,50,0,647,2024,8,24,2,8,5
8/23/2024 15:27,859,6088,1106,1105,1280,44,5549,1103,49,0,538,2024,8,23,15,27,4
8/23/2024 4:46,859,5239,1021,1217,1333,1155,5640,-2,52,0,-400,2024,8,23,4,46,4
8/22/2024 17:56,898,7016,1286,1147,1320,593,5699,391,55,0,1317,2024,8,22,17,56,3
8/22/2024 7:45,781,6207,1133,1204,1328,782,5414,118,52,0,792,2024,8,22,7,45,3
8/21/2024 21:23,819,7531,1572,1275,1316,37,5094,0,51,0,2436,2024,8,21,21,23,2
8/21/2024 10:59,729,6187,1094,1169,1314,32,5227,841,46,0,959,2024,8,21,10,59,2
8/21/2024 1:29,782,5532,1078,1239,1323,21,4492,-3,50,0,1040,2024,8,21,1,29,2
8/20/2024 14:38,791,6613,1210,1144,1321,73,5473,884,48,0,1139,2024,8,20,14,38,1
8/20/2024 5:08,763,5298,1039,1221,1324,0,4395,-3,49,0,903,2024,8,20,5,8,1
8/19/2024 17:59,753,7062,1372,1111,1317,293,5401,498,48,0,1661,2024,8,19,17,59,0
8/19/2024 8:16,595,6090,1247,1166,1341,28,4720,295,46,0,1370,2024,8,19,8,16,0
8/18/2024 22:47,842,6036,1427,1188,1341,246,5085,-2,41,0,950,2024,8,18,22,47,6
8/18/2024 11:59,766,4700,729,1103,1338,135,5110,997,40,0,-410,2024,8,18,11,59,6
8/18/2024 2:29,850,5057,1004,1198,1343,232,4664,-3,39,0,392,2024,8,18,2,29,6
8/17/2024 15:38,777,5725,783,954,1338,702,5594,1000,38,0,130,2024,8,17,15,38,5
8/17/2024 6:08,856,5089,1008,1165,1344,241,4660,-3,46,0,429,2024,8,17,6,8,5
8/16/2024 20:23,949,7111,1741,1298,1323,778,6164,0,45,0,947,2024,8,16,20,23,4
8/16/2024 10:38,897,5651,1051,1059,1235,306,5543,949,43,0,107,2024,8,16,10,38,4
8/16/2024 1:08,930,5334,982,1211,1339,744,5245,-3,39,0,88,2024,8,16,1,8,4
8/15/2024 15:26,905,5479,961,1082,1326,583,5921,1025,40,0,-442,2024,8,15,15,26,3
8/15/2024 5:55,915,5061,933,1179,1330,386,4781,-3,39,0,280,2024,8,15,5,55,3
8/14/2024 20:08,1149,7560,1730,1286,1323,1211,6799,15,52,0,761,2024,8,14,20,8,2
8/14/2024 10:38,860,6055,1010,1182,1315,534,5950,1004,42,0,105,2024,8,14,10,38,2
8/14/2024 1:08,997,5606,1012,1245,1328,430,5059,-2,44,0,547,2024,8,14,1,8,2
8/13/2024 15:16,764,6274,994,1001,1305,234,5442,1097,44,0,831,2024,8,13,15,16,1
8/13/2024 5:47,800,5240,992,1209,1333,482,4873,-3,53,0,366,2024,8,13,5,47,1
8/12/2024 19:46,911,7385,1856,1280,1304,557,6011,43,55,0,1373,2024,8,12,19,46,0
8/12/2024 10:17,690,5890,856,1105,1285,239,5189,958,54,0,701,2024,8,12,10,17,0
8/12/2024 0:47,676,5130,1019,1249,1343,282,4616,-3,47,0,514,2024,8,12,0,47,0
8/11/2024 13:55,676,4460,284,813,1348,96,4373,1107,45,0,87,2024,8,11,13,55,6
8/11/2024 4:25,743,4683,904,1266,1331,837,5128,-3,48,0,-445,2024,8,11,4,25,6
8/10/2024 17:59,768,5798,1136,787,1330,571,5164,516,53,0,633,2024,8,10,17,59,5
8/10/2024 8:30,680,5191,971,810,1329,368,4578,363,53,0,613,2024,8,10,8,30,5
8/9/2024 22:59,791,6151,1333,1279,1326,158,4943,-2,55,0,1208,2024,8,9,22,59,4
8/9/2024 12:29,748,6390,1230,1175,1309,62,5332,753,53,0,1057,2024,8,9,12,29,4
8/9/2024 2:59,720,5095,1069,1248,1330,85,4508,-2,56,0,586,2024,8,9,2,59,4
8/8/2024 16:26,636,5962,1021,1169,1255,151,5230,935,54,0,732,2024,8,8,16,26,3
8/8/2024 5:56,724,5077,1030,1224,1336,-1,4369,3,51,0,707,2024,8,8,5,56,3
8/7/2024 18:56,820,6515,1586,1208,1322,34,5298,265,52,0,1217,2024,8,7,18,56,2
8/7/2024 9:25,665,5827,1025,1225,1344,443,5448,692,51,0,379,2024,8,7,9,25,2
8/6/2024 23:47,643,5513,926,1252,1327,631,4830,-2,51,0,683,2024,8,6,23,47,1
8/6/2024 12:25,675,5748,801,1193,1308,249,5025,750,45,0,723,2024,8,6,12,25,1
8/6/2024 2:55,695,5192,988,1261,1329,580,4904,-3,52,0,287,2024,8,6,2,55,1
8/5/2024 16:17,653,6110,1100,1182,1291,46,4981,658,48,0,1128,2024,8,5,16,17,0
8/5/2024 6:46,785,5278,1044,1268,1325,98,4597,24,51,0,680,2024,8,5,6,46,0
8/4/2024 20:39,939,6000,1670,1008,1323,258,5265,0,47,0,734,2024,8,4,20,39,6
8/4/2024 10:47,633,4691,951,686,1320,393,4782,748,47,0,-90,2024,8,4,10,47,6
8/4/2024 1:17,726,5283,1006,1215,1324,739,5061,-3,52,0,222,2024,8,4,1,17,6
8/3/2024 15:25,637,5639,968,817,1305,1243,5807,784,50,0,-167,2024,8,3,15,25,5
8/3/2024 5:55,716,5311,1066,1172,1325,808,5137,-2,50,0,174,2024,8,3,5,55,5
8/2/2024 20:26,1101,7431,1913,1363,1308,812,6590,6,55,0,840,2024,8,2,20,26,4
8/2/2024 10:56,765,6157,893,1232,1310,-10,5206,965,50,0,951,2024,8,2,10,56,4
8/2/2024 1:26,789,5589,988,1321,1324,946,5420,-3,52,0,169,2024,8,2,1,26,4
8/1/2024 15:29,774,6193,975,1185,1308,270,5618,1056,47,0,574,2024,8,1,15,29,3
8/1/2024 5:59,824,5436,1025,1290,1318,120,4640,6,54,0,796,2024,8,1,5,59,3
7/31/2024 19:38,894,7112,1903,1290,1310,75,5619,88,53,0,1493,2024,7,31,19,38,2
7/31/2024 10:09,761,5895,1116,1190,1178,93,5341,952,48,0,554,2024,7,31,10,9,2
7/31/2024 0:25,757,5716,1304,1319,1317,505,5255,-2,53,0,460,2024,7,31,0,25,2
7/30/2024 13:59,732,5780,666,902,1309,1199,6076,1214,51,0,-295,2024,7,30,13,59,1
7/30/2024 4:30,775,5321,1119,1309,1317,1109,5671,-3,43,0,-350,2024,7,30,4,30,1
7/29/2024 17:56,822,6724,1355,1225,1273,238,5513,543,55,0,1210,2024,7,29,17,56,0
7/29/2024 7:46,813,6213,1246,1278,1309,1111,6008,190,57,0,205,2024,7,29,7,46,0
7/28/2024 22:18,926,6555,1577,1354,1311,787,6006,-2,50,0,549,2024,7,28,22,18,6
7/28/2024 11:16,764,4520,661,439,1304,12,4295,1062,51,0,224,2024,7,28,11,16,6
7/28/2024 1:47,873,5218,1143,918,1309,16,4308,-3,49,0,909,2024,7,28,1,47,6
7/27/2024 14:47,720,4960,689,1196,1268,212,5260,1122,51,0,-299,2024,7,27,14,47,5
7/27/2024 5:17,868,5189,1269,1358,1301,907,5762,1,56,0,-572,2024,7,27,5,17,5
7/26/2024 18:29,935,6718,1712,1260,1303,638,6241,331,59,0,476,2024,7,26,18,29,4
7/26/2024 8:00,868,6184,1117,1294,1293,1262,6156,246,59,0,27,2024,7,26,8,0,4
7/25/2024 16:38,974,6523,1255,1267,1161,164,5391,504,57,0,1132,2024,7,25,16,38,3
7/25/2024 6:08,914,5824,1202,1170,796,353,4497,0,51,0,1327,2024,7,25,6,8,3
7/24/2024 19:25,1075,7263,1748,1293,650,124,5042,102,45,0,2221,2024,7,24,19,25,2
7/24/2024 9:38,1072,6929,1353,1256,654,21,5041,637,45,0,1887,2024,7,24,9,38,2
7/24/2024 0:08,1057,6373,1479,1300,645,253,4794,-2,54,0,1578,2024,7,24,0,8,2
7/23/2024 11:38,991,6594,1200,1209,637,406,5622,1117,58,0,972,2024,7,23,11,38,1
7/23/2024 0:55,981,5923,981,1269,657,717,4659,-2,54,0,1264,2024,7,23,0,55,1
7/22/2024 13:47,931,7100,1432,1209,650,265,5585,1042,52,0,1515,2024,7,22,13,47,0
7/22/2024 4:17,893,5144,1183,1249,666,154,4194,-1,48,0,950,2024,7,22,4,17,0
7/21/2024 17:39,995,5942,1281,1004,668,421,4876,459,45,0,1065,2024,7,21,17,39,6
7/21/2024 8:08,921,5335,1377,1269,669,166,4616,163,46,0,719,2024,7,21,8,8,6
7/20/2024 22:38,1285,6854,1899,1329,669,319,5551,-1,49,0,1302,2024,7,20,22,38,5
7/20/2024 11:56,926,5989,956,1144,652,84,4842,1027,50,0,1147,2024,7,20,11,56,5
7/20/2024 2:26,1138,5998,1226,1252,654,1155,5483,-3,53,0,514,2024,7,20,2,26,5
7/19/2024 15:48,1163,7528,1327,1173,1313,853,6707,823,52,0,820,2024,7,19,15,48,4
7/19/2024 6:08,1124,6115,1203,1294,1321,1436,6437,4,52,0,-321,2024,7,19,6,8,4
7/18/2024 19:47,1283,8348,2149,1310,1291,305,6474,79,55,0,1873,2024,7,18,19,47,3
7/18/2024 10:16,1171,7612,1415,1177,1279,212,6088,779,51,0,1524,2024,7,18,10,16,3
7/18/2024 0:47,1067,6799,1406,1237,1313,451,5537,5,54,0,1262,2024,7,18,0,47,3
7/17/2024 14:08,903,8089,1740,1157,1279,724,6899,1036,51,0,1190,2024,7,17,14,8,2
7/17/2024 4:38,1091,6008,1235,1221,1322,752,5675,-1,53,0,332,2024,7,17,4,38,2
7/16/2024 18:46,1177,8113,1807,1217,1308,337,6150,249,52,0,1963,2024,7,16,18,46,1
7/16/2024 9:17,1098,7533,1628,1214,1261,252,6175,668,52,0,1358,2024,7,16,9,17,1
7/15/2024 23:46,1118,7338,1927,1313,1322,47,5782,-1,54,0,1555,2024,7,15,23,46,0
7/15/2024 14:17,1123,7460,1322,1132,1254,652,6721,1195,53,0,738,2024,7,15,14,17,0
7/15/2024 4:47,976,5413,1267,1304,1338,181,5121,1,52,0,291,2024,7,15,4,47,0
7/14/2024 14:55,930,5834,1131,850,1333,323,5730,1111,49,0,104,2024,7,14,14,55,6
7/14/2024 5:20,1049,5422,1312,1211,1330,25,4985,2,52,0,437,2024,7,14,5,20,6
7/13/2024 19:26,1056,7636,2034,1205,1332,253,6116,181,51,0,1519,2024,7,13,19,26,5
7/13/2024 9:57,967,6083,1231,680,1334,337,5435,831,52,0,647,2024,7,13,9,57,5
7/13/2024 0:09,991,6723,1605,1214,1327,179,5371,-1,54,0,1351,2024,7,13,0,9,5
7/12/2024 12:16,919,7138,1393,1121,1329,255,6246,1172,53,0,891,2024,7,12,12,16,4
7/12/2024 1:39,982,6260,1458,1257,1327,84,5162,-1,54,0,1097,2024,7,12,1,39,4
7/11/2024 11:08,919,7090,1371,1126,1295,673,6433,991,54,0,657,2024,7,11,11,8,3
7/11/2024 1:39,880,6082,1632,1210,1336,1105,6215,-1,52,0,-133,2024,7,11,1,39,3
7/10/2024 16:08,899,7327,1947,1099,1294,457,6683,930,53,0,643,2024,7,10,16,8,2
7/10/2024 6:38,954,6089,1491,1179,1330,1169,6229,53,50,0,-140,2024,7,10,6,38,2
7/9/2024 21:08,941,7948,2282,1242,1326,581,6426,0,52,0,1521,2024,7,9,21,8,1
7/9/2024 11:38,774,6561,1218,933,1296,1037,6474,1180,48,0,87,2024,7,9,11,38,1
7/8/2024 15:16,880,6704,1374,1114,1266,254,6002,1063,48,0,702,2024,7,8,15,16,0
7/8/2024 4:38,945,5092,1184,1253,1319,54,4800,-2,45,0,292,2024,7,8,4,38,0
7/7/2024 19:08,868,6227,1418,845,1311,334,5078,258,42,0,1149,2024,7,7,19,8,6
7/7/2024 9:38,728,4699,1058,613,1326,108,4682,804,42,0,16,2024,7,7,9,38,6
7/6/2024 23:59,873,5850,1801,822,1321,258,5119,-2,42,0,731,2024,7,6,23,59,5
7/6/2024 14:29,732,5059,1099,625,1322,155,5172,1189,47,0,-113,2024,7,6,14,29,5
7/6/2024 4:55,830,5317,1583,816,1329,549,5154,-2,47,0,163,2024,7,6,4,55,5
7/5/2024 19:10,872,6950,2017,1202,1317,381,6044,200,53,0,906,2024,7,5,19,10,4
7/5/2024 9:38,744,6130,1190,1170,1238,799,5929,731,54,0,200,2024,7,5,9,38,4
7/5/2024 0:09,840,5922,1760,1276,1315,548,5791,-1,51,0,130,2024,7,5,0,9,4
7/4/2024 14:38,760,6111,1517,1156,1277,111,5627,751,52,0,483,2024,7,4,14,38,3
7/4/2024 5:08,890,5437,1394,1226,1324,157,5042,-2,50,0,395,2024,7,4,5,8,3
7/3/2024 19:38,784,7158,2052,1196,1311,199,5701,88,51,0,1456,2024,7,3,19,38,2
7/3/2024 9:59,922,6857,1693,1175,1327,68,5552,316,48,0,1304,2024,7,3,9,59,2
7/3/2024 0:29,895,5965,1437,1226,1317,544,5463,-2,45,0,501,2024,7,3,0,29,2
7/2/2024 13:30,928,7217,1610,1168,1319,1165,6851,617,38,0,366,2024,7,2,13,30,1
7/2/2024 3:59,944,5562,1128,1243,1322,1033,5699,-2,29,0,-137,2024,7,2,3,59,1
7/1/2024 18:29,945,7718,1887,1156,1307,1048,6748,366,36,0,970,2024,7,1,18,29,0
7/1/2024 9:01,941,6763,1873,831,1339,92,5690,577,35,0,1072,2024,7,1,9,1,0
6/30/2024 23:29,927,6102,2597,1239,1331,638,6762,-2,30,0,-660,2024,6,30,23,29,6
6/30/2024 13:59,757,4990,1132,912,1283,313,5504,1074,32,0,-514,2024,6,30,13,59,6
6/30/2024 4:29,934,5020,1644,1249,1009,398,5263,-2,31,0,-243,2024,6,30,4,29,6
6/29/2024 16:08,772,5740,1666,743,724,407,5202,861,30,0,538,2024,6,29,16,8,5
6/29/2024 6:38,909,5227,1589,811,677,546,4610,44,32,0,617,2024,6,29,6,38,5
6/28/2024 21:08,1157,7543,2908,1277,674,298,6350,2,34,0,1193,2024,6,28,21,8,4
6/28/2024 11:38,958,6289,1637,1129,665,43,5611,1144,34,0,678,2024,6,28,11,38,4
6/28/2024 1:55,1143,5790,2152,1284,673,24,5308,-2,35,0,482,2024,6,28,1,55,4
6/27/2024 16:25,1123,6866,1695,1167,653,633,6058,747,39,0,808,2024,6,27,16,25,3
6/27/2024 6:17,1122,5801,1793,1227,676,96,4980,29,37,0,821,2024,6,27,6,17,3
6/26/2024 20:38,1295,7486,2545,1275,676,686,6523,9,37,0,964,2024,6,26,20,38,2
6/26/2024 10:25,1129,6659,1982,1193,632,103,5885,809,37,0,774,2024,6,26,10,25,2
6/26/2024 0:55,1128,5853,2187,1233,676,340,5602,-2,38,0,251,2024,6,26,0,55,2
6/25/2024 15:25,1182,6781,1977,1082,640,277,6003,809,36,0,778,2024,6,25,15,25,1
6/25/2024 5:56,971,5239,1735,1107,680,894,5427,4,36,0,-188,2024,6,25,5,56,1
6/24/2024 20:25,814,6560,2499,1112,684,332,5513,35,35,0,1047,2024,6,24,20,25,0
6/24/2024 10:55,760,5067,1417,596,688,380,4806,928,37,0,261,2024,6,24,10,55,0
6/24/2024 1:25,815,5106,1821,743,686,100,4194,-2,30,0,913,2024,6,24,1,25,0
6/23/2024 15:46,755,4858,1437,580,689,407,4729,832,30,0,128,2024,6,23,15,46,6
6/23/2024 6:08,787,4746,1628,757,686,126,4024,8,32,0,722,2024,6,23,6,8,6
6/22/2024 20:38,822,6965,2676,1100,687,609,5949,23,32,0,1016,2024,6,22,20,38,5
6/22/2024 11:09,661,5459,1537,777,689,92,4793,1003,35,0,666,2024,6,22,11,9,5
6/22/2024 1:38,829,5818,1939,1128,686,257,4870,-1,32,0,948,2024,6,22,1,38,5
6/21/2024 16:08,965,6588,1713,1001,671,178,5481,916,37,0,1107,2024,6,21,16,8,4
6/21/2024 6:38,863,5841,1641,1077,683,834,5174,45,31,0,667,2024,6,21,6,38,4
6/20/2024 21:08,1004,7672,2678,1133,676,1612,7138,0,33,0,534,2024,6,20,21,8,3
6/20/2024 11:29,906,6613,1780,989,670,280,5672,1015,30,0,940,2024,6,20,11,29,3
6/20/2024 1:59,935,5594,1834,1084,683,874,5441,-2,33,0,153,2024,6,20,1,59,3
6/19/2024 16:30,841,6579,1863,970,685,342,5619,886,31,0,961,2024,6,19,16,30,2
6/19/2024 6:00,769,5478,1780,1079,685,72,4427,10,32,0,1051,2024,6,19,6,0,2
6/18/2024 20:29,906,7562,2863,1138,669,149,5783,24,34,0,1779,2024,6,18,20,29,1
6/18/2024 10:55,859,6084,1688,1027,663,81,5304,951,35,0,780,2024,6,18,10,55,1
6/18/2024 1:25,892,5616,2085,1132,675,166,4982,-2,33,0,634,2024,6,18,1,25,1
6/17/2024 15:55,914,6217,1737,1002,655,157,5451,948,39,0,766,2024,6,17,15,55,0
6/17/2024 6:25,853,5309,1899,1106,689,140,4742,23,33,0,567,2024,6,17,6,25,0
6/16/2024 20:38,898,5980,2751,852,689,20,5265,18,36,0,715,2024,6,16,20,38,6
6/16/2024 10:59,713,4063,1419,221,690,128,4049,837,37,0,14,2024,6,16,10,59,6
6/16/2024 1:25,938,5020,2017,312,684,610,4599,-2,36,0,421,2024,6,16,1,25,6
6/15/2024 15:55,732,4871,1418,215,687,1217,5180,874,37,0,-309,2024,6,15,15,55,5
6/15/2024 6:27,736,4832,1457,261,687,2183,5386,23,39,0,-555,2024,6,15,6,27,5
6/14/2024 20:55,675,6670,2215,1188,687,1718,6551,14,55,0,119,2024,6,14,20,55,4
6/14/2024 11:16,745,6102,1780,1109,681,221,5127,535,56,0,975,2024,6,14,11,16,4
6/14/2024 1:30,746,5411,1463,1159,686,1043,5156,-1,59,0,255,2024,6,14,1,30,4
6/13/2024 15:59,860,6254,1697,1099,685,623,5842,823,55,0,411,2024,6,13,15,59,3
6/13/2024 6:30,905,5687,1787,1136,684,232,4825,28,53,0,861,2024,6,13,6,30,3
6/12/2024 21:00,961,7391,2531,1199,668,248,5664,1,57,0,1726,2024,6,12,21,0,2
6/12/2024 11:29,741,6134,1575,1073,652,375,5484,1019,48,0,650,2024,6,12,11,29,2
6/12/2024 2:00,872,5554,1644,1134,683,661,5046,-2,53,0,508,2024,6,12,2,0,2
6/11/2024 16:29,981,6864,2016,1048,658,580,5984,647,53,0,880,2024,6,11,16,29,1
6/11/2024 7:00,954,6108,1973,1146,685,826,5727,86,54,0,381,2024,6,11,7,0,1
6/10/2024 21:29,961,7508,2210,1188,670,1965,7049,-1,54,0,459,2024,6,10,21,29,0
6/10/2024 9:29,934,6594,1956,807,679,427,5426,562,56,0,1168,2024,6,10,9,29,0
6/9/2024 19:29,955,5843,2148,1082,685,1015,6062,126,47,0,-219,2024,6,9,19,29,6
6/9/2024 9:59,759,4760,1115,557,688,40,3818,610,49,0,943,2024,6,9,9,59,6
6/9/2024 0:29,936,5438,1998,745,684,187,4596,-2,48,0,841,2024,6,9,0,29,6
6/8/2024 14:59,746,5435,1734,613,683,227,4839,787,48,0,596,2024,6,8,14,59,5
6/8/2024 5:30,922,5056,1639,1142,679,98,4530,-2,50,0,526,2024,6,8,5,30,5
6/7/2024 19:59,1027,7064,2508,1012,677,605,5942,62,51,0,1123,2024,6,7,19,59,4
6/7/2024 8:38,1001,6331,1930,759,684,-4,4948,524,54,0,1383,2024,6,7,8,38,4
6/6/2024 23:08,1099,6447,2502,1183,671,83,5593,-2,54,0,855,2024,6,6,23,8,3
6/6/2024 13:38,965,5887,1686,875,670,77,5345,1022,50,0,542,2024,6,6,13,38,3
6/6/2024 4:09,955,5154,1637,1147,687,521,5000,-1,53,0,153,2024,6,6,4,9,3
6/5/2024 18:38,1062,6561,2553,1129,686,108,5902,312,53,0,659,2024,6,5,18,38,2
6/5/2024 9:08,902,6127,2104,753,686,360,5458,601,51,0,669,2024,6,5,9,8,2
6/4/2024 23:37,935,5962,2583,1189,679,143,5579,-2,50,0,383,2024,6,4,23,37,1
6/4/2024 14:08,948,6012,1985,999,677,347,5838,833,48,0,174,2024,6,4,14,8,1
6/4/2024 4:39,912,5167,1872,1138,680,480,5122,-2,42,0,45,2024,6,4,4,39,1
6/3/2024 19:08,955,6765,2442,1047,677,998,6233,75,39,0,532,2024,6,3,19,8,0
6/3/2024 8:16,924,6156,2144,762,693,23,4839,251,42,0,1317,2024,6,3,8,16,0
6/2/2024 22:47,754,5579,2055,737,689,1059,5330,-2,37,0,249,2024,6,2,22,47,6
6/2/2024 13:16,735,4095,1114,635,693,731,4784,830,46,0,-689,2024,6,2,13,16,6
6/2/2024 3:46,837,4574,1603,754,692,406,4341,-2,51,0,233,2024,6,2,3,46,6
6/1/2024 18:16,882,5449,1846,687,691,487,5047,406,47,0,402,2024,6,1,18,16,5
6/1/2024 8:30,929,5023,1882,758,694,122,4809,378,46,0,214,2024,6,1,8,30,5
5/31/2024 22:56,964,6156,2140,762,694,1147,5757,-2,52,0,399,2024,5,31,22,56,4
5/31/2024 13:16,848,5428,1580,699,682,251,5093,986,48,0,334,2024,5,31,13,16,4
5/31/2024 3:38,989,5029,1488,756,692,513,4485,-2,49,0,544,2024,5,31,3,38,4
5/30/2024 18:08,816,5929,2151,738,682,326,5178,407,56,0,751,2024,5,30,18,8,3
5/30/2024 5:59,1021,5279,1756,740,684,23,4278,4,50,0,1001,2024,5,30,5,59,3
5/29/2024 20:30,875,6700,2741,745,683,152,5247,9,42,0,1453,2024,5,29,20,30,2
5/29/2024 10:55,943,6171,1695,477,667,133,4601,633,45,0,1570,2024,5,29,10,55,2
5/29/2024 1:17,990,5305,1875,361,684,104,4058,-2,47,0,1247,2024,5,29,1,17,2
5/28/2024 15:38,782,5717,1345,307,687,260,4186,751,53,0,1530,2024,5,28,15,38,1
5/28/2024 5:59,988,5244,1551,359,685,303,3937,1,51,0,1307,2024,5,28,5,59,1
5/27/2024 20:30,1019,6687,2184,374,686,415,4735,6,52,0,1952,2024,5,27,20,30,0
5/27/2024 10:59,980,5847,1481,249,683,1352,5595,796,55,0,252,2024,5,27,10,59,0
5/27/2024 1:26,986,4685,1457,277,685,407,3862,-2,52,0,822,2024,5,27,1,26,0
5/26/2024 15:56,628,4004,1067,215,687,600,4259,1011,52,0,-255,2024,5,26,15,56,6
5/26/2024 6:25,690,4440,1505,273,686,730,3958,23,51,0,482,2024,5,26,6,25,6
5/25/2024 20:54,717,6194,2292,298,685,710,4754,0,53,0,1439,2024,5,25,20,54,5
5/25/2024 11:26,631,4837,1503,237,689,1658,5755,985,52,0,-918,2024,5,25,11,26,5
5/25/2024 1:54,937,5194,1696,244,684,962,4576,-1,54,0,618,2024,5,25,1,54,5
5/24/2024 16:20,854,5671,1561,290,684,1928,6219,846,55,0,-548,2024,5,24,16,20,4
5/24/2024 6:38,884,5561,1598,240,683,1330,4830,41,55,0,731,2024,5,24,6,38,4
5/23/2024 21:09,1059,6960,2266,313,682,177,4553,-2,54,0,2407,2024,5,23,21,9,3
5/23/2024 11:38,923,6293,1722,267,680,178,4380,555,55,0,1914,2024,5,23,11,38,3
5/23/2024 1:59,967,5185,1719,257,684,55,3729,-2,50,0,1456,2024,5,23,1,59,3
5/22/2024 16:25,859,5689,1166,614,649,434,4482,710,50,0,1207,2024,5,22,16,25,2
5/22/2024 6:29,978,5551,1532,598,697,283,4153,21,46,0,1398,2024,5,22,6,29,2
5/21/2024 21:00,993,6776,2208,661,690,566,5170,-1,52,0,1606,2024,5,21,21,0,1
5/21/2024 11:29,880,5112,1150,621,659,641,5066,1058,57,0,47,2024,5,21,11,29,1
5/21/2024 1:59,962,5181,1671,586,687,253,4211,-2,53,0,970,2024,5,21,1,59,1
5/20/2024 16:30,777,5933,1722,658,662,722,5214,618,54,0,719,2024,5,20,16,30,0
5/20/2024 6:59,618,5463,1524,660,691,545,4184,91,55,0,1279,2024,5,20,6,59,0
5/19/2024 21:29,629,6093,2578,700,683,735,5377,-2,52,0,717,2024,5,19,21,29,6
5/19/2024 11:59,663,4487,1749,247,690,355,4465,708,53,0,22,2024,5,19,11,59,6
5/19/2024 2:29,685,4822,1581,288,1361,365,4330,-2,52,0,492,2024,5,19,2,29,6
5/18/2024 16:59,638,5202,1452,244,1362,656,5081,682,47,0,121,2024,5,18,16,59,5
5/18/2024 1:49,675,5281,1920,262,1356,570,4829,-2,48,0,452,2024,5,18,1,49,5
5/17/2024 8:38,896,6656,2115,666,1365,430,5792,271,49,0,864,2024,5,17,8,38,4
5/16/2024 16:29,748,5613,1700,645,1318,268,5545,816,49,0,68,2024,5,16,16,29,3
5/16/2024 6:59,748,5768,1603,657,1363,356,4841,66,48,0,927,2024,5,16,6,59,3
5/15/2024 21:29,930,7219,2657,713,1353,349,6047,-1,43,0,1172,2024,5,15,21,29,2
5/15/2024 12:01,721,5472,1275,581,1318,248,5238,1051,44,0,234,2024,5,15,12,1,2
5/15/2024 2:29,663,5337,1476,702,1366,622,4873,-2,47,0,463,2024,5,15,2,29,2
5/14/2024 16:56,608,5710,1868,635,1303,628,5772,678,46,0,-62,2024,5,14,16,56,1
5/14/2024 7:26,599,6080,1907,644,1367,777,5481,139,49,0,599,2024,5,14,7,26,1
5/13/2024 21:55,638,6971,2824,675,1358,219,5760,-1,48,0,1211,2024,5,13,21,55,0
5/13/2024 12:08,570,5402,1653,215,1322,724,5483,943,55,0,-81,2024,5,13,12,8,0
5/13/2024 2:18,647,4695,1526,228,1360,232,4046,-2,55,0,649,2024,5,13,2,18,0
5/12/2024 10:59,575,4553,1279,198,1357,294,4395,633,56,0,157,2024,5,12,10,59,6
5/12/2024 1:25,682,4910,1573,256,1359,724,4651,-2,57,0,259,2024,5,12,1,25,6
5/11/2024 15:46,614,5084,2027,211,1354,176,5243,807,54,0,-159,2024,5,11,15,46,5
5/11/2024 6:09,673,4913,2198,295,1359,321,4905,2,57,0,9,2024,5,11,6,9,5
5/10/2024 20:38,641,6633,2562,514,1349,266,5385,0,53,0,1248,2024,5,10,20,38,4
5/10/2024 10:25,414,5352,1228,229,1290,1024,5072,830,58,0,280,2024,5,10,10,25,4
5/10/2024 0:55,539,5459,2427,295,1350,317,4977,-2,52,0,482,2024,5,10,0,55,4
5/9/2024 8:30,659,6684,2358,291,1350,740,5545,92,54,0,1138,2024,5,9,8,30,3
5/8/2024 23:00,623,6017,2225,443,1342,323,5003,-2,48,0,1014,2024,5,8,23,0,2
5/8/2024 13:29,655,6290,1928,458,1345,716,5672,512,53,0,617,2024,5,8,13,29,2
5/8/2024 3:59,642,4970,1533,396,1328,801,4752,-2,49,0,217,2024,5,8,3,59,2
5/7/2024 14:41,506,5211,1587,383,975,480,4770,795,42,0,441,2024,5,7,14,41,1
5/7/2024 5:07,436,4183,1310,375,941,871,3970,-2,40,0,213,2024,5,7,5,7,1
5/6/2024 19:29,495,4614,2379,391,667,1229,5294,91,41,0,-679,2024,5,6,19,29,0
5/6/2024 9:59,415,3427,1178,370,668,555,3997,767,44,0,-570,2024,5,6,9,59,0
5/6/2024 0:24,446,4261,1376,368,661,1534,4426,-2,45,0,-165,2024,5,6,0,24,0
5/5/2024 14:55,427,2953,682,346,660,95,3190,937,38,0,-238,2024,5,5,14,55,6
5/5/2024 5:08,503,4068,1463,426,662,107,3202,-2,44,0,866,2024,5,5,5,8,6
5/4/2024 19:38,503,5484,2430,395,664,1522,5613,51,46,0,-129,2024,5,4,19,38,5
5/4/2024 10:08,488,4764,2226,432,671,964,5460,631,44,0,-696,2024,5,4,10,8,5
5/4/2024 0:38,511,4781,2586,443,668,134,4383,-2,44,0,398,2024,5,4,0,38,5
5/3/2024 15:08,500,4749,1808,392,670,445,4292,433,44,0,457,2024,5,3,15,8,4
5/3/2024 5:39,511,4540,1719,391,668,336,3670,-3,48,0,870,2024,5,3,5,39,4
5/2/2024 19:56,531,5986,2842,395,660,147,4629,11,38,0,1357,2024,5,2,19,56,3
5/2/2024 10:08,449,5125,1783,388,629,795,4619,527,48,0,507,2024,5,2,10,8,3
5/2/2024 0:38,672,4969,2321,386,673,630,4726,-2,47,0,243,2024,5,2,0,38,3
5/1/2024 14:59,410,4682,1306,357,672,845,4354,719,44,0,328,2024,5,1,14,59,2
5/1/2024 5:29,553,4894,2100,414,675,1805,5591,-2,47,0,-697,2024,5,1,5,29,2
4/30/2024 19:59,671,6396,2842,447,1339,1303,6678,23,53,0,-282,2024,4,30,19,59,1
4/30/2024 10:29,641,6158,3068,425,1315,1768,7856,586,52,0,-1697,2024,4,30,10,29,1
4/30/2024 1:00,632,5274,2114,444,1361,1348,5949,-2,52,0,-675,2024,4,30,1,0,1
4/29/2024 15:29,598,5368,1508,393,1330,1804,6590,902,55,0,-1222,2024,4,29,15,29,0
4/29/2024 5:59,621,4942,1861,384,1387,1462,5761,-2,48,0,-819,2024,4,29,5,59,0
4/28/2024 20:29,642,5680,2390,394,1385,117,4980,-1,53,0,700,2024,4,28,20,29,6
4/28/2024 10:59,466,3753,1063,348,1386,648,4932,972,48,0,-1179,2024,4,28,10,59,6
4/28/2024 1:29,653,4953,1857,433,1383,141,4517,-2,52,0,436,2024,4,28,1,29,6
4/27/2024 15:59,496,4895,1398,350,1372,80,4567,819,52,0,328,2024,4,27,15,59,5
4/27/2024 6:30,648,5150,1786,451,1380,20,4340,4,52,0,810,2024,4,27,6,30,5
4/26/2024 20:59,653,7319,2689,429,1361,49,5232,0,52,0,2087,2024,4,26,20,59,4
4/26/2024 11:29,753,6015,2019,438,1358,468,6079,991,52,0,-64,2024,4,26,11,29,4
4/26/2024 1:59,698,5523,1561,383,1371,1212,5277,-2,54,0,245,2024,4,26,1,59,4
4/25/2024 16:29,691,6574,1936,397,1356,499,5265,332,54,0,1309,2024,4,25,16,29,3
4/25/2024 7:00,732,6149,1951,392,1393,199,4735,13,55,0,1414,2024,4,25,7,0,3
4/24/2024 21:29,763,7337,2429,455,1369,632,5704,-1,56,0,1633,2024,4,24,21,29,2
4/24/2024 12:00,835,6439,1717,403,1357,623,5718,724,56,0,721,2024,4,24,12,0,2
4/24/2024 2:29,744,5477,1694,454,1391,1785,6123,-1,56,0,-645,2024,4,24,2,29,2
4/23/2024 16:59,796,6978,3090,456,1389,1045,6996,163,58,0,-18,2024,4,23,16,59,1
4/23/2024 7:29,817,6803,2537,476,1391,296,5631,55,55,0,1172,2024,4,23,7,29,1
4/22/2024 22:00,705,7156,2782,482,1358,60,5444,-1,58,0,1713,2024,4,22,22,0,0
4/22/2024 12:30,676,6968,3293,459,1364,184,6452,419,56,0,516,2024,4,22,12,30,0
4/22/2024 2:59,673,4754,2168,466,1379,789,5526,-1,53,0,-772,2024,4,22,2,59,0
4/21/2024 17:29,743,4894,1255,383,1379,557,4794,417,60,0,100,2024,4,21,17,29,6
4/21/2024 7:59,738,4790,1852,417,1376,877,5492,169,63,0,-702,2024,4,21,7,59,6
4/20/2024 22:29,597,6255,2080,415,1383,2096,6631,-2,62,0,-376,2024,4,20,22,29,5
4/20/2024 12:59,691,5040,1733,397,1386,1424,6623,943,49,0,-1583,2024,4,20,12,59,5
4/20/2024 3:29,745,5201,2007,425,1376,197,4799,-2,51,0,402,2024,4,20,3,29,5
4/19/2024 17:59,735,6115,2408,417,1359,149,5503,389,45,0,612,2024,4,19,17,59,4
4/19/2024 8:29,807,6574,2258,475,1374,167,5478,362,53,0,1096,2024,4,19,8,29,4
4/18/2024 22:59,619,6312,2294,429,1366,1059,5817,-2,52,0,494,2024,4,18,22,59,3
4/18/2024 13:30,586,6463,1820,426,1357,1289,6130,602,52,0,333,2024,4,18,13,30,3
4/18/2024 3:59,763,5186,2044,464,1376,491,5186,-2,50,0,0,2024,4,18,3,59,3
4/17/2024 18:29,696,6730,2421,445,1370,1694,6742,60,55,0,-12,2024,4,17,18,29,2
4/17/2024 8:59,802,6792,2960,474,1384,320,6216,222,54,0,576,2024,4,17,8,59,2
4/16/2024 23:30,583,5953,2354,424,1389,1865,6637,-2,52,0,-684,2024,4,16,23,30,1
4/16/2024 13:59,712,5806,1941,422,1361,1330,6699,879,53,0,-893,2024,4,16,13,59,1
4/16/2024 4:30,718,5116,1569,416,1369,862,4984,0,51,0,132,2024,4,16,4,30,1
4/15/2024 18:59,772,6507,3267,464,1360,1145,7225,163,53,0,-719,2024,4,15,18,59,0
4/15/2024 9:29,664,6337,2393,425,1346,56,5552,611,56,0,786,2024,4,15,9,29,0
4/14/2024 23:59,468,5122,1950,393,1380,1618,5856,-2,48,0,-734,2024,4,14,23,59,6
4/14/2024 14:30,374,3943,728,324,1385,170,3987,955,51,0,-44,2024,4,14,14,30,6
4/14/2024 4:59,436,4524,1312,370,1386,162,3712,-3,50,0,812,2024,4,14,4,59,6
4/13/2024 19:30,581,5944,2192,366,1382,40,4644,35,48,0,1299,2024,4,13,19,30,5
4/13/2024 9:59,477,5065,1829,381,1385,73,4895,703,48,0,170,2024,4,13,9,59,5
4/13/2024 0:29,675,5429,2026,417,1392,627,5195,-2,59,0,234,2024,4,13,0,29,5
4/12/2024 14:59,470,5273,1250,372,1318,987,5449,994,59,0,-176,2024,4,12,14,59,4
4/12/2024 5:29,671,5463,1895,519,1392,1463,5998,-2,59,0,-534,2024,4,12,5,29,4
4/11/2024 20:00,688,6769,2773,550,1367,556,6007,8,59,0,762,2024,4,11,20,0,3
4/11/2024 9:31,503,6052,2130,466,1296,1251,6357,660,58,0,-305,2024,4,11,9,31,3
4/10/2024 23:55,645,5568,2410,493,1386,56,5042,-2,55,0,526,2024,4,10,23,55,2
4/10/2024 14:27,473,5222,1604,421,1372,318,5424,1173,62,0,-203,2024,4,10,14,27,2
4/10/2024 4:47,569,5184,1804,477,1378,115,4401,-2,61,0,784,2024,4,10,4,47,2
4/9/2024 19:16,473,6328,2490,462,1372,352,5263,53,61,0,1066,2024,4,9,19,16,1
4/9/2024 9:38,504,6123,2161,484,1353,112,5367,688,66,0,757,2024,4,9,9,38,1
4/9/2024 0:08,511,5510,2158,496,1363,245,4839,-2,61,0,670,2024,4,9,0,8,1
4/8/2024 14:38,480,5114,1569,436,1293,15,4887,1028,66,0,226,2024,4,8,14,38,0
4/8/2024 4:46,643,4740,1968,501,1386,95,4653,-2,62,0,87,2024,4,8,4,46,0
4/7/2024 18:56,607,5225,1598,494,1387,104,4364,112,61,0,861,2024,4,7,18,56,6
4/7/2024 9:08,514,4551,1321,449,1387,647,4801,420,64,0,-250,2024,4,7,9,8,6
4/6/2024 21:58,569,6347,2419,500,1392,1166,6108,-1,63,0,239,2024,4,6,21,58,5
4/6/2024 7:38,609,5418,2377,496,1381,18,4992,47,64,0,425,2024,4,6,7,38,5
4/5/2024 12:59,517,5527,1793,480,1298,52,5173,975,58,0,353,2024,4,5,12,59,4
4/5/2024 2:16,563,5249,1840,545,1374,324,4702,-2,58,0,546,2024,4,5,2,16,4
4/4/2024 16:46,633,6015,2203,570,1307,151,5392,469,60,0,623,2024,4,4,16,46,3
4/4/2024 6:38,618,5939,2368,570,1389,116,5123,-2,64,0,817,2024,4,4,6,38,3
4/3/2024 21:08,629,7189,2714,579,1381,1017,6385,-1,66,0,804,2024,4,3,21,8,2
4/3/2024 11:29,517,5444,1853,546,1347,497,5819,997,63,0,-375,2024,4,3,11,29,2
4/3/2024 1:59,600,5152,2011,588,1397,628,5287,-1,63,0,-135,2024,4,3,1,59,2
4/2/2024 16:29,491,5574,1270,538,1391,1775,6222,688,68,0,-648,2024,4,2,16,29,1
4/2/2024 6:38,539,5592,1926,555,1394,657,5138,-1,67,0,453,2024,4,2,6,38,1
4/1/2024 21:08,629,6929,2462,592,1368,949,6064,-1,64,0,864,2024,4,1,21,8,0
4/1/2024 11:38,519,5443,1688,530,1360,192,5204,851,64,0,239,2024,4,1,11,38,0
4/1/2024 2:08,558,4624,1658,624,1393,794,5086,-2,61,0,-462,2024,4,1,2,8,0
3/31/2024 10:08,459,4526,1153,982,1389,114,4740,579,65,0,-214,2024,3,31,10,8,6
3/30/2024 23:38,507,5390,1903,1082,1393,1706,6655,0,64,0,-1265,2024,3,30,23,38,5
3/30/2024 13:17,439,4682,1034,1007,1396,1527,6557,1088,66,0,-1875,2024,3,30,13,17,5
3/30/2024 1:29,452,5301,1702,1160,1386,382,5145,-2,65,0,155,2024,3,30,1,29,5
3/29/2024 13:26,539,5288,1276,1009,1369,1204,6590,1126,68,0,-1302,2024,3,29,13,26,4
3/29/2024 3:55,631,5351,1513,1155,1386,1000,5748,-2,66,0,-397,2024,3,29,3,55,4
3/28/2024 18:25,645,6888,2252,1452,1364,1666,7471,21,70,0,-583,2024,3,28,18,25,3
3/28/2024 8:57,634,7273,2472,1366,1386,1694,7795,174,69,0,-522,2024,3,28,8,57,3
3/27/2024 23:26,649,6156,2203,1655,1378,1988,7943,-2,69,0,-1786,2024,3,27,23,26,2
3/27/2024 13:56,533,6132,1420,1251,1343,2316,7789,855,70,0,-1657,2024,3,27,13,56,2
3/27/2024 4:26,627,5449,1697,1549,1388,1569,6894,-1,66,0,-1445,2024,3,27,4,26,2
3/26/2024 18:56,658,7401,2425,1664,1386,249,6465,-1,68,0,936,2024,3,26,18,56,1
3/26/2024 9:25,558,6534,2050,1302,1384,859,7083,860,70,0,-549,2024,3,26,9,25,1
3/25/2024 23:56,615,6004,2113,1666,1370,2152,7982,-1,67,0,-1978,2024,3,25,23,56,0
3/25/2024 14:25,515,6243,1224,1463,1332,2536,7958,820,68,0,-1715,2024,3,25,14,25,0
3/25/2024 4:55,631,5107,1672,1655,1394,1393,6809,-2,66,0,-1703,2024,3,25,4,55,0
3/24/2024 19:17,633,6578,2719,1232,1398,867,6914,-2,67,0,-336,2024,3,24,19,17,6
3/24/2024 9:46,545,4974,862,1080,1398,632,5158,575,67,0,-185,2024,3,24,9,46,6
3/24/2024 0:17,625,5365,1477,1174,1402,1884,6625,-2,67,0,-1261,2024,3,24,0,17,6
3/23/2024 14:46,668,4938,1083,1037,1400,346,5474,871,65,0,-537,2024,3,23,14,46,5
3/23/2024 5:16,758,5575,1733,1265,1384,164,5370,-1,67,0,205,2024,3,23,5,16,5
3/22/2024 19:47,886,7704,3154,1675,1377,31,7185,-1,61,0,519,2024,3,22,19,47,4
3/22/2024 10:17,798,6636,2099,1294,1329,344,6722,792,66,0,-86,2024,3,22,10,17,4
3/22/2024 0:47,857,5925,1802,1697,1380,412,6206,-2,59,0,-281,2024,3,22,0,47,4
3/21/2024 15:16,766,6321,1806,1390,1334,798,7032,868,69,0,-710,2024,3,21,15,16,3
3/21/2024 5:46,878,5984,2176,1653,1400,466,6637,-1,65,0,-654,2024,3,21,5,46,3
3/20/2024 20:17,861,7822,2870,1686,1384,578,7446,-1,67,0,377,2024,3,20,20,17,2
3/20/2024 10:47,649,6498,1327,1593,1394,1364,7301,902,66,0,-803,2024,3,20,10,47,2
3/20/2024 1:16,727,5756,1999,1618,1397,767,6571,-1,64,0,-815,2024,3,20,1,16,2
3/19/2024 15:46,858,6958,2361,1677,1383,281,7007,381,66,0,-49,2024,3,19,15,46,1
3/19/2024 6:17,816,6307,1961,1578,1394,613,6425,-1,66,0,-119,2024,3,19,6,17,1
3/18/2024 19:29,776,7835,2722,1686,1368,194,6815,-1,67,0,1020,2024,3,18,19,29,0
3/18/2024 9:59,672,7061,2245,1649,1313,355,6855,556,66,0,205,2024,3,18,9,59,0
3/18/2024 0:29,738,5258,1703,1213,1398,877,5996,-1,68,0,-738,2024,3,18,0,29,0
3/17/2024 14:59,671,4851,1899,1164,1397,534,6357,635,58,0,-1506,2024,3,17,14,59,6
3/17/2024 5:29,735,5273,1781,1219,1394,121,5311,2,58,0,-38,2024,3,17,5,29,6
3/16/2024 19:59,847,7215,2723,1671,1394,63,6757,-1,59,0,458,2024,3,16,19,59,5
3/16/2024 10:29,656,5873,1991,1569,1395,41,6473,764,58,0,-600,2024,3,16,10,29,5
3/16/2024 0:59,720,5825,1849,1695,1384,81,5785,-1,58,0,40,2024,3,16,0,59,5
3/15/2024 15:29,782,6915,2411,1629,1360,362,6897,294,59,0,18,2024,3,15,15,29,4
3/15/2024 5:59,797,6128,2115,1678,1400,367,6415,-1,58,0,-287,2024,3,15,5,59,4
3/14/2024 20:29,952,7740,2698,1711,1369,590,7378,-1,59,0,363,2024,3,14,20,29,3
3/14/2024 10:59,777,7437,2133,1603,1348,805,7062,339,57,0,375,2024,3,14,10,59,3
3/14/2024 1:29,793,5849,1623,1615,1386,864,6336,-1,58,0,-488,2024,3,14,1,29,3
3/13/2024 15:59,811,7366,2118,1694,1345,356,6510,129,56,0,856,2024,3,13,15,59,2
3/13/2024 6:29,771,6358,1572,1640,1389,93,5512,-1,48,0,846,2024,3,13,6,29,2
3/12/2024 21:00,814,7449,2570,1719,1385,676,7212,-1,49,0,237,2024,3,12,21,0,1
3/12/2024 11:29,809,7660,2238,1580,1382,2427,8686,200,50,0,-1025,2024,3,12,11,29,1
3/12/2024 1:59,810,5637,1191,1587,1371,2346,7351,-1,47,0,-1714,2024,3,12,1,59,1
3/11/2024 16:29,877,7292,2071,1323,1322,2641,8377,102,41,0,-1084,2024,3,11,16,29,0
3/11/2024 6:59,758,6422,1931,1288,1394,1411,6819,8,29,0,-396,2024,3,11,6,59,0
3/10/2024 21:29,723,6412,1980,1258,1400,1758,7146,-1,29,0,-734,2024,3,10,21,29,6
3/10/2024 12:00,662,4790,1357,1217,1403,578,5987,741,29,0,-1197,2024,3,10,12,0,6
3/10/2024 2:30,753,5198,1380,1239,1399,388,5186,-2,29,0,12,2024,3,10,2,30,6
3/9/2024 16:59,695,6112,1767,1253,1401,75,5496,269,36,0,616,2024,3,9,16,59,5
3/9/2024 7:29,749,6024,1839,1266,1399,123,5460,49,37,0,564,2024,3,9,7,29,5
3/8/2024 21:59,736,7148,2553,1697,1380,42,6444,-1,38,0,704,2024,3,8,21,59,4
3/8/2024 12:30,745,7222,2183,1694,1358,392,6841,426,37,0,380,2024,3,8,12,30,4
3/8/2024 2:59,748,5693,1498,1653,1400,598,5935,0,38,0,-242,2024,3,8,2,59,4
3/7/2024 17:29,761,7457,2397,1725,1335,374,6684,27,58,0,774,2024,3,7,17,29,3
3/7/2024 7:59,683,7451,2379,1686,1380,786,7048,74,61,0,403,2024,3,7,7,59,3
3/6/2024 22:29,757,6768,2361,1683,1374,116,6347,-1,57,0,421,2024,3,6,22,29,2
3/6/2024 13:00,738,7005,1910,1651,1374,227,6315,361,54,0,690,2024,3,6,13,0,2
3/6/2024 2:29,758,5595,1556,1628,1381,322,5697,-1,53,0,-102,2024,3,6,2,29,2
3/5/2024 16:59,653,6826,2350,1638,1369,610,6880,204,57,0,-53,2024,3,5,16,59,1
3/5/2024 7:29,675,7023,2158,1660,1384,1077,7026,16,56,0,-3,2024,3,5,7,29,1
3/4/2024 22:00,711,6942,2415,1721,1366,991,7249,-1,46,0,-308,2024,3,4,22,0,0
3/4/2024 12:30,537,5881,1804,1583,1313,276,6555,986,55,0,-674,2024,3,4,12,30,0
3/4/2024 2:59,601,5035,1540,1644,1383,171,5390,-2,53,0,-355,2024,3,4,2,59,0
3/3/2024 16:38,553,5419,1578,1190,1384,47,5023,212,53,0,396,2024,3,3,16,38,6
3/3/2024 7:08,643,5238,1958,1190,1382,74,5300,1,53,0,-62,2024,3,3,7,8,6
3/2/2024 21:37,557,6657,2006,1206,1379,811,6012,-1,54,0,645,2024,3,2,21,37,5
3/2/2024 12:08,561,6060,1747,1190,1324,557,5895,461,52,0,165,2024,3,2,12,8,5
3/2/2024 2:38,565,5441,1212,1197,1384,1476,5889,-2,56,0,-448,2024,3,2,2,38,5
3/1/2024 17:08,563,6997,1821,1634,1361,1741,7219,40,60,0,-221,2024,3,1,17,8,4
3/1/2024 7:38,643,6957,2113,1645,1385,1210,7058,4,59,0,-101,2024,3,1,7,38,4
2/29/2024 22:08,905,6886,2520,1687,1380,965,7510,-1,54,0,-624,2024,2,29,22,8,3
2/29/2024 12:38,902,7213,2726,1701,1383,343,7389,278,56,0,-176,2024,2,29,12,38,3
2/29/2024 3:08,887,5354,1599,1670,1398,404,6011,-2,55,0,-657,2024,2,29,3,8,3
2/28/2024 17:29,748,6855,2184,1661,1398,391,6508,71,55,0,347,2024,2,28,17,29,2
2/28/2024 7:59,888,7084,2386,1671,1394,171,6673,104,59,0,411,2024,2,28,7,59,2
2/27/2024 22:29,741,6482,2406,1596,1387,545,6731,-1,57,0,-250,2024,2,27,22,29,1
2/27/2024 12:59,755,5930,1966,1282,1315,87,6419,954,54,0,-489,2024,2,27,12,59,1
2/27/2024 3:29,885,5462,1484,1673,1392,187,5678,-1,56,0,-216,2024,2,27,3,29,1
2/26/2024 18:00,879,7125,2347,1651,1344,1505,7782,2,54,0,-657,2024,2,26,18,0,0
2/26/2024 8:29,759,7180,2403,1659,1397,1235,7616,105,57,0,-436,2024,2,26,8,29,0
2/25/2024 22:59,719,5610,1869,1659,1398,1759,7455,-1,53,0,-1845,2024,2,25,22,59,6
2/25/2024 13:29,880,5295,1757,1636,1404,561,6672,380,53,0,-1377,2024,2,25,13,29,6
2/25/2024 3:59,880,4920,1471,1653,1390,650,6098,-1,54,0,-1178,2024,2,25,3,59,6
2/24/2024 18:29,838,6935,2351,1645,1393,944,7223,0,53,0,-288,2024,2,24,18,29,5
2/24/2024 8:59,878,6172,2318,1685,1391,435,7052,291,53,0,-880,2024,2,24,8,59,5
2/23/2024 23:30,884,6063,2216,1675,1392,928,7145,-1,52,0,-1082,2024,2,23,23,30,4
2/23/2024 14:00,886,6566,2092,1658,1396,412,7166,666,57,0,-600,2024,2,23,14,0,4
2/23/2024 4:29,792,5531,1483,1609,1385,1527,6850,-1,56,0,-1319,2024,2,23,4,29,4
2/22/2024 18:59,872,7815,2513,1725,1358,1403,7927,-1,55,0,-111,2024,2,22,18,59,3
2/22/2024 9:29,768,7370,2178,1720,1353,125,6684,484,55,0,686,2024,2,22,9,29,3
2/21/2024 23:59,849,6097,2195,1718,1382,156,6353,-1,55,0,-256,2024,2,21,23,59,2
2/21/2024 14:29,775,6866,2216,1678,1370,43,6545,407,55,0,320,2024,2,21,14,29,2
2/21/2024 4:59,852,5724,1608,1695,1375,240,5826,-2,57,0,-102,2024,2,21,4,59,2
2/20/2024 19:29,751,7984,2782,1731,1366,734,7423,-1,58,0,561,2024,2,20,19,29,1
2/20/2024 9:59,731,7516,2508,1683,1332,250,6977,413,59,0,540,2024,2,20,9,59,1
2/20/2024 0:29,877,5895,1960,1641,1358,278,6165,-2,53,0,-270,2024,2,20,0,29,1
2/19/2024 14:59,864,6925,2098,1534,1303,16,6391,522,55,0,534,2024,2,19,14,59,0
2/19/2024 5:29,740,5540,1751,1517,1377,561,6001,-2,56,0,-461,2024,2,19,5,29,0
2/18/2024 20:00,841,6781,2625,1552,1396,950,7408,-1,57,0,-627,2024,2,18,20,0,6
2/18/2024 10:29,853,5699,2423,1452,1401,151,6640,309,50,0,-940,2024,2,18,10,29,6
2/17/2024 14:30,856,5990,2396,1499,1398,12,6674,457,55,0,-684,2024,2,17,14,30,5
2/17/2024 4:59,736,5384,2146,1496,1396,209,6036,-2,55,0,-652,2024,2,17,4,59,5
2/16/2024 19:29,748,7702,2901,1523,1385,719,7334,-1,59,0,368,2024,2,16,19,29,4
2/16/2024 9:59,757,7246,2211,1503,1350,1058,7469,531,59,0,-223,2024,2,16,9,59,4
2/16/2024 0:29,765,5961,2145,1525,1379,1746,7613,-1,55,0,-1652,2024,2,16,0,29,4
2/15/2024 14:59,818,6478,2357,1455,1355,1621,8354,693,55,0,-1876,2024,2,15,14,59,3
2/15/2024 5:29,833,5946,2227,1445,1389,2557,8509,-1,59,0,-2563,2024,2,15,5,29,3
2/14/2024 19:59,734,7766,2720,1509,1370,2563,8954,-1,59,0,-1188,2024,2,14,19,59,2
2/14/2024 10:29,790,7393,2239,1479,1250,1974,8119,328,59,0,-726,2024,2,14,10,29,2
2/14/2024 0:59,838,5609,1758,1488,1384,1288,6811,-1,56,0,-1202,2024,2,14,0,59,2
2/13/2024 9:07,743,7531,2276,1478,1368,308,6343,112,58,0,1188,2024,2,13,9,7,1
2/12/2024 23:29,858,5972,2432,1474,1367,1031,7215,-1,55,0,-1243,2024,2,12,23,29,0
2/12/2024 14:00,854,7263,2287,1477,1359,2485,8746,226,56,0,-1483,2024,2,12,14,0,0
2/12/2024 4:29,741,4908,1556,1482,1393,2160,7381,-2,50,0,-2473,2024,2,12,4,29,0
2/11/2024 18:59,910,6532,2389,1483,1393,1827,8055,-1,54,0,-1523,2024,2,11,18,59,6
2/11/2024 9:29,742,5460,2029,1472,1390,1628,7483,169,53,0,-2023,2024,2,11,9,29,6
2/10/2024 23:59,739,5437,2068,1497,1393,1263,7012,-1,53,0,-1574,2024,2,10,23,59,5
2/10/2024 14:29,731,5916,2076,1472,1389,663,6659,273,55,0,-743,2024,2,10,14,29,5
2/10/2024 4:59,753,5324,1785,1503,1392,827,6312,-1,55,0,-988,2024,2,10,4,59,5
2/9/2024 19:29,720,7603,2307,1502,1380,1891,7858,-1,58,0,-254,2024,2,9,19,29,4
2/9/2024 9:59,848,7273,2156,1516,1336,1229,7501,358,56,0,-228,2024,2,9,9,59,4
2/9/2024 0:29,815,5749,1638,1527,1386,1615,7036,-1,56,0,-1288,2024,2,9,0,29,4
2/8/2024 14:59,701,6567,2088,1498,1280,1824,7908,457,60,0,-1341,2024,2,8,14,59,3
2/8/2024 5:29,750,5729,2015,1513,1392,1252,6978,-1,57,0,-1250,2024,2,8,5,29,3
2/7/2024 19:59,725,7739,2331,1520,1386,2570,8590,-1,59,0,-851,2024,2,7,19,59,2
2/7/2024 10:29,746,7017,1877,1493,1344,1658,7805,633,55,0,-788,2024,2,7,10,29,2
2/7/2024 0:59,905,5627,1549,1553,1396,1584,7044,-1,58,0,-1416,2024,2,7,0,59,2
2/6/2024 15:30,782,6564,1712,1511,1385,1958,7951,546,57,0,-1387,2024,2,6,15,30,1
2/6/2024 6:00,966,6056,1608,1522,1398,1800,7349,-1,56,0,-1293,2024,2,6,6,0,1
2/5/2024 20:29,804,7657,2286,1624,1369,2132,8273,-1,59,0,-616,2024,2,5,20,29,0
2/5/2024 11:00,904,7428,1972,1580,1355,2163,8561,529,58,0,-1133,2024,2,5,11,0,0
2/5/2024 1:29,805,5314,1173,1583,1408,2135,7157,-1,54,0,-1843,2024,2,5,1,29,0
2/4/2024 15:59,801,5721,1312,1025,1397,1563,6402,247,57,0,-681,2024,2,4,15,59,6
2/4/2024 6:30,804,5512,1152,1206,1401,1492,6115,-1,57,0,-603,2024,2,4,6,30,6
2/3/2024 21:00,933,7169,2334,1640,1395,1606,7973,-1,65,0,-804,2024,2,3,21,0,5
2/3/2024 11:29,787,6925,1935,1556,1393,2017,8327,574,65,0,-1402,2024,2,3,11,29,5
2/3/2024 1:59,801,5896,1485,1647,1394,414,5806,-1,65,0,90,2024,2,3,1,59,5
2/2/2024 16:29,922,7453,2080,1801,1366,672,6973,64,67,0,480,2024,2,2,16,29,4
2/2/2024 6:59,923,7048,1639,1805,1391,1331,7157,-1,69,0,-109,2024,2,2,6,59,4
2/1/2024 21:29,939,7732,2283,1865,1360,1236,7749,-1,68,0,-17,2024,2,1,21,29,3
2/1/2024 11:56,925,7322,1729,1835,1376,430,7057,694,68,0,265,2024,2,1,11,56,3
2/1/2024 2:24,1006,6146,1508,1844,1398,104,5925,-1,67,0,221,2024,2,1,2,24,3
1/31/2024 8:59,1064,8335,2422,1878,1398,152,7235,251,70,0,1100,2024,1,31,8,59,2
1/30/2024 16:48,1100,7539,2298,1843,1387,54,6825,69,70,0,714,2024,1,30,16,48,1
1/30/2024 7:08,1030,7532,2349,1873,1399,893,7612,-1,69,0,-80,2024,1,30,7,8,1
1/29/2024 13:59,889,7378,1640,1797,1353,1473,7802,580,71,0,-424,2024,1,29,13,59,0
1/29/2024 4:30,856,5497,1567,1767,1397,1671,7328,-1,70,0,-1830,2024,1,29,4,30,0
1/28/2024 19:00,865,7099,2468,1830,1400,2194,8821,-1,64,0,-1722,2024,1,28,19,0,6
1/28/2024 9:30,885,6238,2241,1413,1401,659,6856,196,62,0,-618,2024,1,28,9,30,6
1/27/2024 23:59,959,5949,2173,1736,1401,844,7174,-1,64,0,-1226,2024,1,27,23,59,5
1/27/2024 14:29,856,6854,1888,1776,1398,389,6665,298,61,0,189,2024,1,27,14,29,5
1/27/2024 4:59,878,5880,1842,1766,1394,103,6041,-1,61,0,-161,2024,1,27,4,59,5
1/26/2024 19:29,856,7948,2828,1841,1381,891,7858,-1,62,0,90,2024,1,26,19,29,4
1/26/2024 9:59,840,7894,2475,1848,1315,844,7772,389,62,0,122,2024,1,26,9,59,4
1/26/2024 0:29,882,6076,1677,1850,1384,1432,7283,0,59,0,-1207,2024,1,26,0,29,4
1/25/2024 14:59,819,7382,2026,1824,1319,1366,7792,373,60,0,-410,2024,1,25,14,59,3
1/25/2024 5:30,856,6044,1587,1750,1397,1300,6948,-1,59,0,-904,2024,1,25,5,30,3
1/24/2024 19:59,931,7844,2646,1897,1400,1781,8715,-1,62,0,-871,2024,1,24,19,59,2
1/24/2024 10:29,945,7889,2879,1923,1393,292,7754,259,61,0,135,2024,1,24,10,29,2
1/24/2024 0:59,959,6354,1836,1904,1379,141,6279,-1,61,0,75,2024,1,24,0,59,2
1/23/2024 15:29,978,7955,2529,1898,1360,493,7469,152,60,0,486,2024,1,23,15,29,1
1/23/2024 6:00,894,6679,1941,1796,1396,786,6874,-1,63,0,-194,2024,1,23,6,0,1
1/22/2024 20:29,970,8287,2780,1913,1364,381,7469,-1,62,0,818,2024,1,22,20,29,0
1/22/2024 10:59,953,8296,3023,1891,1350,98,7642,273,56,0,654,2024,1,22,10,59,0
1/22/2024 1:29,865,5881,1813,1800,1382,577,6497,-1,60,0,-616,2024,1,22,1,29,0
1/21/2024 15:59,886,6395,2163,1827,1385,373,6838,152,52,0,-443,2024,1,21,15,59,6
1/21/2024 6:26,884,5907,1783,1766,1380,334,6203,-1,58,0,-296,2024,1,21,6,26,6
1/20/2024 20:16,943,7558,2740,1851,1381,588,7563,-1,61,0,-5,2024,1,20,20,16,5
1/20/2024 10:46,897,7644,2759,1785,1381,1785,8777,111,60,0,-1133,2024,1,20,10,46,5
1/20/2024 1:16,873,6018,1758,1721,1379,2071,7861,-1,58,0,-1843,2024,1,20,1,16,5
1/19/2024 15:46,873,7705,2504,1781,1364,469,7087,45,52,0,618,2024,1,19,15,46,4
1/19/2024 6:16,829,6386,1465,1629,1391,2000,7366,-1,48,0,-980,2024,1,19,6,16,4
1/18/2024 20:47,903,7867,2365,1780,1360,1270,7735,0,57,0,132,2024,1,18,20,47,3
1/18/2024 11:08,983,8171,2262,1809,1341,1063,7644,128,57,0,527,2024,1,18,11,8,3
1/18/2024 1:39,877,5871,1274,1716,1392,1825,7142,-1,59,0,-1271,2024,1,18,1,39,3
1/17/2024 16:08,893,7810,2351,1870,1398,934,7557,53,59,0,253,2024,1,17,16,8,2
1/17/2024 6:38,880,6869,1576,1869,1400,169,5950,-1,58,0,919,2024,1,17,6,38,2
1/16/2024 21:08,950,7923,2548,1859,1400,314,7131,-1,59,0,792,2024,1,16,21,8,1
1/16/2024 11:37,743,7523,2124,1853,1400,546,7259,535,59,0,264,2024,1,16,11,37,1
1/16/2024 2:08,848,5935,1317,1735,1388,1513,6865,-1,60,0,-930,2024,1,16,2,8,1
1/15/2024 16:38,853,7950,1933,1859,1337,1503,7572,20,61,0,378,2024,1,15,16,38,0
1/15/2024 7:08,876,7335,2034,1845,1397,708,6916,-1,59,0,418,2024,1,15,7,8,0
1/14/2024 21:38,887,6810,2376,1855,1397,1130,7704,-1,61,0,-894,2024,1,14,21,38,6
1/14/2024 12:08,830,6139,1653,1805,1396,1988,8369,629,63,0,-2230,2024,1,14,12,8,6
1/14/2024 2:38,887,5744,1318,1846,1399,1066,6575,-1,60,0,-831,2024,1,14,2,38,6
1/13/2024 17:08,954,7583,1842,1859,1400,1103,7223,3,62,0,361,2024,1,13,17,8,5
1/13/2024 7:38,926,6718,1361,1872,1404,861,6485,-1,62,0,233,2024,1,13,7,38,5
1/12/2024 18:07,976,8436,2195,1855,1386,853,7326,-1,61,0,1111,2024,1,12,18,7,4
1/12/2024 6:08,920,6639,1361,1852,1396,1092,6676,-1,56,0,-38,2024,1,12,6,8,4
1/11/2024 20:38,1026,8172,2196,1862,1388,1698,8228,0,59,0,-57,2024,1,11,20,38,3
1/11/2024 11:08,929,7839,1684,1847,1375,732,7285,667,52,0,554,2024,1,11,11,8,3
1/11/2024 1:39,945,6263,1339,1853,1390,1050,6632,-1,57,0,-369,2024,1,11,1,39,3
1/10/2024 16:08,972,7748,1643,1847,1378,1176,7201,127,56,0,547,2024,1,10,16,8,2
1/10/2024 6:38,874,7004,1396,1852,1388,1353,6919,0,56,0,85,2024,1,10,6,38,2
1/9/2024 21:08,875,7881,2353,1903,1394,2202,8781,0,55,0,-899,2024,1,9,21,8,1
1/9/2024 11:38,882,8251,2418,1894,1380,2218,9070,225,53,0,-819,2024,1,9,11,38,1
1/9/2024 0:50,885,6155,1956,1849,1369,2142,8252,0,52,0,-2097,2024,1,9,0,50,1
1/8/2024 14:47,878,8080,2279,1823,1345,2303,8748,65,56,0,-668,2024,1,8,14,47,0
1/8/2024 4:38,837,5183,1470,1589,1394,2354,7699,-1,56,0,-2516,2024,1,8,4,38,0
1/7/2024 19:08,853,6819,2793,1782,1387,571,7439,-1,54,0,-620,2024,1,7,19,8,6
1/7/2024 9:40,864,5823,2612,1657,1370,1053,7662,53,53,0,-1839,2024,1,7,9,40,6
1/7/2024 0:08,890,5387,1634,1664,1388,1128,6759,-1,55,0,-1372,2024,1,7,0,8,6
1/6/2024 14:37,733,5824,2183,1607,1336,602,6654,141,52,0,-830,2024,1,6,14,37,5
1/6/2024 5:08,878,5324,1644,1660,1399,1351,6985,-1,53,0,-1661,2024,1,6,5,8,5
1/5/2024 19:39,882,7534,2648,1733,1389,700,7408,-1,55,0,132,2024,1,5,19,39,4
1/5/2024 9:59,736,6773,2384,1632,1383,1543,8192,461,53,0,-1420,2024,1,5,9,59,4
1/5/2024 0:29,902,5689,1732,1709,1396,1663,7454,-1,53,0,-1766,2024,1,5,0,29,4
1/4/2024 14:48,899,6777,2372,1693,1367,713,7272,172,55,0,-495,2024,1,4,14,48,3
1/3/2024 20:16,869,7146,2446,1481,1364,2386,8590,-1,42,0,-1444,2024,1,3,20,16,2
1/3/2024 6:29,747,5365,1632,1420,1396,1028,6252,-2,31,0,-887,2024,1,3,6,29,2
1/2/2024 20:59,865,6069,2546,1477,1392,363,6673,-1,31,0,-604,2024,1,2,20,59,1
1/2/2024 11:29,840,5454,2423,1401,1388,131,6627,414,30,0,-1173,2024,1,2,11,29,1
1/1/2024 23:59,714,4846,1535,1379,1395,2195,7248,-1,32,0,-2401,2024,1,1,23,59,0
1/1/2024 14:30,728,4672,965,1406,1396,418,5187,243,32,0,-515,2024,1,1,14,30,0
